{"stats":{"minecraft:dropped":{"minecraft:decorated_pot":1,"minecraft:rotten_flesh":1,"minecraft:dirt":7,"minecraft:jungle_log":1,"minecraft:spider_eye":1,"minecraft:wooden_pickaxe":1},"minecraft:broken":{"minecraft:stone_pickaxe":5,"minecraft:stone_axe":1,"minecraft:wooden_axe":1},"minecraft:used":{"naturalist:bass":1,"minecraft:cooked_mutton":4,"comforts:sleeping_bag_light_gray":2,"minecraft:stone_sword":40,"minecraft:stone_pickaxe":690,"minecraft:oak_planks":2,"minecraft:wooden_pickaxe":28,"minecraft:jungle_boat":2,"minecraft:torch":9,"minecraft:dirt":6,"minecraft:crafting_table":8,"minecraft:jungle_sapling":1,"minecraft:wooden_axe":59,"minecraft:apple":2,"chococraft:gysahl_green_seeds":1,"minecraft:bamboo":6,"minecraft:stone_axe":234,"minecraft:cobblestone":2,"minecraft:furnace":2,"minecraft:cooked_porkchop":3,"minecraft:birch_log":2,"minecraft:oak_boat":1,"chococraft:gysahl_green":3,"minecraft:light_gray_bed":1,"simplyswords:iron_spear":36},"minecraft:mined":{"minecraft:podzol":4,"minecraft:mossy_cobblestone":18,"minecraft:jungle_leaves":1,"minecraft:crafting_table":3,"minecraft:cave_vines_plant":1,"minecraft:oak_wood":8,"minecraft:grass_block":4,"minecraft:decorated_pot":1,"minecraft:melon":3,"minecraft:jungle_log":51,"minecraft:light_gray_bed":1,"minecraft:copper_ore":7,"minecraft:cobblestone":16,"minecraft:spruce_leaves":5,"minecraft:moss_block":1,"minecraft:oak_planks":2,"minecraft:wall_torch":5,"minecraft:furnace":2,"minecraft:birch_log":45,"minecraft:iron_ore":11,"minecraft:spruce_log":24,"minecraft:birch_leaves":2,"mythicmetals:tin_ore":21,"minecraft:light_gray_wool":23,"minecraft:yellow_bed":1,"minecraft:azure_bluet":1,"minecraft:grass":5,"chococraft:gysahl_green":14,"minecraft:coal_ore":54,"minecraft:oak_log":24,"minecraft:cave_vines":1,"minecraft:vine":20,"minecraft:dirt":69,"minecraft:azalea_leaves":2,"minecraft:stone":180,"minecraft:oak_leaves":10,"minecraft:fern":1},"minecraft:custom":{"minecraft:interact_with_furnace":13,"minecraft:mob_kills":36,"minecraft:interact_with_crafting_table":30,"minecraft:leave_game":1,"minecraft:time_since_death":10163,"minecraft:sleep_in_bed":3,"minecraft:climb_one_cm":6804,"minecraft:time_since_rest":10206,"minecraft:sprint_one_cm":172580,"minecraft:damage_taken":2255,"minecraft:walk_one_cm":328482,"minecraft:drop":6,"minecraft:damage_dealt":4670,"minecraft:fly_one_cm":39774,"minecraft:swim_one_cm":52333,"minecraft:open_chest":1,"minecraft:play_time":107534,"minecraft:deaths":6,"minecraft:walk_under_water_one_cm":13831,"minecraft:boat_one_cm":127953,"minecraft:jump":757,"minecraft:walk_on_water_one_cm":40774,"minecraft:interact_with_smoker":1,"minecraft:total_world_time":107534,"minecraft:fall_one_cm":12590},"minecraft:crafted":{"minecraft:oak_planks":128,"minecraft:cooked_porkchop":5,"minecraft:crafting_table":5,"minecraft:jungle_boat":1,"simplyswords:iron_spear":1,"minecraft:wooden_pickaxe":1,"minecraft:furnace":1,"minecraft:light_gray_wool":1,"minecraft:birch_planks":60,"minecraft:stone_axe":2,"comforts:sleeping_bag_light_gray":1,"minecraft:cooked_mutton":4,"minecraft:jungle_planks":132,"minecraft:light_gray_bed":1,"minecraft:oak_boat":1,"minecraft:stick":42,"minecraft:iron_ingot":1,"minecraft:stone_pickaxe":6,"minecraft:wooden_axe":1,"minecraft:stone_sword":1,"minecraft:light_gray_dye":1,"minecraft:torch":8,"mythicmetals:tin_nugget":27,"mythicmetals:tin_ingot":6},"minecraft:killed":{"minecraft:pig":10,"minecraft:spider":1,"naturalist:tortoise":2,"creeperoverhaul:bamboo_creeper":5,"minecraft:sheep":4,"minecraft:pillager":1,"naturalist:deer":1,"minecraft:zombie":4,"naturalist:bass":2,"minecraft:drowned":3,"minecraft:cow":3},"minecraft:killed_by":{"minecraft:vindicator":1,"minecraft:skeleton":1,"minecraft:zombie":1,"minecraft:enderman":1,"naturalist:hippo":1},"minecraft:picked_up":{"minecraft:birch_log":45,"minecraft:cocoa_beans":3,"minecraft:crafting_table":4,"chococraft:loverly_gysahl_green":3,"minecraft:jungle_boat":2,"minecraft:azure_bluet":1,"minecraft:jungle_log":51,"minecraft:leather":2,"minecraft:birch_planks":36,"minecraft:oak_log":24,"minecraft:yellow_bed":1,"mythicmetals:tin_ingot":3,"minecraft:string":1,"minecraft:dirt":84,"minecraft:raw_copper":24,"comforts:sleeping_bag_light_gray":3,"minecraft:name_tag":1,"naturalist:bass":1,"chococraft:gysahl_green":37,"minecraft:moss_block":1,"bettermcdonaldsmod:tomato_seeds":1,"minecraft:beef":6,"minecraft:iron_ingot":1,"minecraft:jungle_sapling":1,"minecraft:light_gray_wool":23,"minecraft:bamboo":78,"minecraft:melon_slice":12,"minecraft:oak_planks":62,"minecraft:furnace":3,"minecraft:stick":7,"minecraft:raw_iron":11,"minecraft:torch":12,"minecraft:porkchop":18,"minecraft:jungle_planks":116,"chococraft:gysahl_green_seeds":23,"mythicmetals:raw_tin":50,"minecraft:spruce_log":24,"minecraft:spider_eye":1,"minecraft:mossy_cobblestone":18,"minecraft:light_gray_bed":1,"minecraft:oak_wood":8,"minecraft:rotten_flesh":6,"naturalist:antler":1,"minecraft:decorated_pot":1,"minecraft:gold_ingot":1,"minecraft:emerald":3,"minecraft:black_wool":2,"minecraft:mutton":7,"minecraft:coal":118,"minecraft:white_wool":1,"minecraft:cobblestone":259}},"DataVersion":3465}