{"stats":{"minecraft:picked_up":{"minecraft:birch_log":45,"minecraft:stick":4,"minecraft:jungle_log":3,"minecraft:birch_planks":36,"minecraft:porkchop":5,"mythicmetals:raw_tin":11,"chococraft:gysahl_green_seeds":1,"minecraft:yellow_bed":1,"minecraft:mossy_cobblestone":1,"minecraft:spider_eye":1,"minecraft:string":1,"comforts:sleeping_bag_light_gray":3,"minecraft:oak_wood":8,"minecraft:name_tag":1,"chococraft:gysahl_green":3,"minecraft:iron_ingot":1,"minecraft:gold_ingot":1,"minecraft:emerald":2,"minecraft:jungle_sapling":1,"minecraft:light_gray_wool":13,"minecraft:black_wool":2,"minecraft:mutton":4,"minecraft:cobblestone":41},"minecraft:mined":{"minecraft:mossy_cobblestone":1,"minecraft:birch_log":45,"mythicmetals:tin_ore":8,"minecraft:birch_leaves":2,"minecraft:light_gray_wool":10,"minecraft:yellow_bed":1,"minecraft:oak_wood":8,"chococraft:gysahl_green":1,"minecraft:vine":1,"minecraft:jungle_log":2,"minecraft:stone":41},"minecraft:crafted":{"minecraft:crafting_table":1,"minecraft:stick":8,"minecraft:wooden_pickaxe":1,"minecraft:stone_pickaxe":1,"minecraft:wooden_axe":1,"minecraft:stone_axe":1,"minecraft:birch_planks":60,"comforts:sleeping_bag_light_gray":1},"minecraft:custom":{"minecraft:time_since_rest":2458,"minecraft:sprint_one_cm":50689,"minecraft:damage_taken":1245,"minecraft:walk_one_cm":87109,"minecraft:mob_kills":6,"minecraft:drop":1,"minecraft:damage_dealt":520,"minecraft:interact_with_crafting_table":7,"minecraft:swim_one_cm":14969,"minecraft:fly_one_cm":12230,"minecraft:open_chest":1,"minecraft:play_time":28917,"minecraft:deaths":4,"minecraft:walk_under_water_one_cm":1339,"minecraft:jump":184,"minecraft:leave_game":1,"minecraft:time_since_death":2229,"minecraft:walk_on_water_one_cm":14012,"minecraft:total_world_time":28917,"minecraft:sleep_in_bed":2,"minecraft:climb_one_cm":1107,"minecraft:interact_with_smoker":1,"minecraft:fall_one_cm":4137},"minecraft:dropped":{"minecraft:jungle_log":1},"minecraft:used":{"minecraft:jungle_sapling":1,"minecraft:wooden_axe":59,"comforts:sleeping_bag_light_gray":2,"chococraft:gysahl_green_seeds":1,"minecraft:stone_pickaxe":74,"minecraft:wooden_pickaxe":28,"minecraft:stone_axe":13,"minecraft:crafting_table":1,"minecraft:birch_log":2,"chococraft:gysahl_green":3},"minecraft:broken":{"minecraft:wooden_axe":1},"minecraft:killed_by":{"minecraft:vindicator":1,"minecraft:skeleton":1,"minecraft:zombie":1},"minecraft:killed":{"minecraft:sheep":2,"minecraft:pig":3,"minecraft:spider":1}},"DataVersion":3465}