{"stats":{"minecraft:picked_up":{"minecraft:birch_log":11,"minecraft:stick":4,"minecraft:jungle_log":1,"minecraft:birch_planks":36,"chococraft:gysahl_green_seeds":1,"minecraft:yellow_bed":1,"minecraft:spider_eye":1,"minecraft:string":1,"comforts:sleeping_bag_light_gray":3,"minecraft:name_tag":1,"chococraft:gysahl_green":3,"minecraft:iron_ingot":1,"minecraft:gold_ingot":1,"minecraft:emerald":2,"minecraft:jungle_sapling":1,"minecraft:light_gray_wool":13},"minecraft:mined":{"minecraft:birch_log":11,"minecraft:light_gray_wool":10,"minecraft:yellow_bed":1,"chococraft:gysahl_green":1},"minecraft:crafted":{"minecraft:birch_planks":36,"comforts:sleeping_bag_light_gray":1},"minecraft:custom":{"minecraft:time_since_rest":1327,"minecraft:sprint_one_cm":25721,"minecraft:damage_taken":1015,"minecraft:walk_one_cm":49520,"minecraft:mob_kills":1,"minecraft:drop":1,"minecraft:damage_dealt":40,"minecraft:interact_with_crafting_table":2,"minecraft:swim_one_cm":6190,"minecraft:fly_one_cm":7490,"minecraft:open_chest":1,"minecraft:play_time":16917,"minecraft:deaths":3,"minecraft:walk_under_water_one_cm":980,"minecraft:jump":106,"minecraft:leave_game":1,"minecraft:time_since_death":1239,"minecraft:walk_on_water_one_cm":11034,"minecraft:total_world_time":16917,"minecraft:sleep_in_bed":2,"minecraft:climb_one_cm":447,"minecraft:interact_with_smoker":1,"minecraft:fall_one_cm":3510},"minecraft:dropped":{"minecraft:jungle_log":1},"minecraft:used":{"minecraft:jungle_sapling":1,"comforts:sleeping_bag_light_gray":2,"chococraft:gysahl_green_seeds":1,"minecraft:birch_log":2,"chococraft:gysahl_green":3},"minecraft:killed_by":{"minecraft:vindicator":1,"minecraft:skeleton":1,"minecraft:zombie":1},"minecraft:killed":{"minecraft:spider":1}},"DataVersion":3465}