{"stats":{"minecraft:picked_up":{"minecraft:birch_log":45,"chococraft:loverly_gysahl_green":2,"minecraft:crafting_table":1,"minecraft:azure_bluet":1,"minecraft:jungle_log":31,"minecraft:leather":2,"minecraft:birch_planks":36,"minecraft:oak_log":8,"minecraft:yellow_bed":1,"minecraft:dirt":84,"minecraft:string":1,"comforts:sleeping_bag_light_gray":3,"minecraft:name_tag":1,"naturalist:bass":1,"chococraft:gysahl_green":37,"minecraft:beef":6,"minecraft:iron_ingot":1,"minecraft:jungle_sapling":1,"minecraft:light_gray_wool":23,"minecraft:bamboo":44,"minecraft:melon_slice":12,"minecraft:oak_planks":2,"minecraft:furnace":2,"minecraft:stick":4,"minecraft:raw_iron":1,"minecraft:torch":5,"minecraft:porkchop":15,"mythicmetals:raw_tin":32,"chococraft:gysahl_green_seeds":14,"minecraft:spider_eye":1,"minecraft:mossy_cobblestone":1,"minecraft:oak_wood":8,"minecraft:rotten_flesh":2,"naturalist:antler":1,"minecraft:decorated_pot":1,"minecraft:gold_ingot":1,"minecraft:emerald":2,"minecraft:black_wool":2,"minecraft:mutton":7,"minecraft:coal":92,"minecraft:white_wool":1,"minecraft:cobblestone":175},"minecraft:mined":{"minecraft:podzol":4,"minecraft:mossy_cobblestone":1,"minecraft:jungle_leaves":1,"minecraft:crafting_table":1,"minecraft:cave_vines_plant":1,"minecraft:grass_block":4,"minecraft:oak_wood":8,"minecraft:decorated_pot":1,"minecraft:melon":3,"minecraft:jungle_log":31,"minecraft:cobblestone":4,"minecraft:oak_planks":2,"minecraft:wall_torch":5,"minecraft:furnace":2,"minecraft:birch_log":45,"minecraft:iron_ore":1,"minecraft:birch_leaves":2,"mythicmetals:tin_ore":21,"minecraft:light_gray_wool":23,"minecraft:azure_bluet":1,"minecraft:yellow_bed":1,"minecraft:grass":2,"minecraft:coal_ore":42,"chococraft:gysahl_green":14,"minecraft:oak_log":8,"minecraft:cave_vines":1,"minecraft:vine":13,"minecraft:dirt":69,"minecraft:azalea_leaves":1,"minecraft:stone":171,"minecraft:oak_leaves":4,"minecraft:fern":1},"minecraft:crafted":{"minecraft:oak_planks":64,"minecraft:cooked_porkchop":5,"minecraft:crafting_table":3,"simplyswords:iron_spear":1,"minecraft:wooden_pickaxe":1,"minecraft:furnace":1,"minecraft:light_gray_wool":1,"minecraft:birch_planks":60,"minecraft:stone_axe":1,"comforts:sleeping_bag_light_gray":1,"minecraft:cooked_mutton":4,"minecraft:jungle_planks":120,"minecraft:stick":38,"minecraft:iron_ingot":1,"minecraft:stone_pickaxe":5,"minecraft:wooden_axe":1,"minecraft:stone_sword":1,"minecraft:light_gray_dye":1,"minecraft:torch":8,"mythicmetals:tin_nugget":27,"mythicmetals:tin_ingot":6},"minecraft:custom":{"minecraft:interact_with_furnace":13,"minecraft:mob_kills":30,"minecraft:interact_with_crafting_table":24,"minecraft:leave_game":1,"minecraft:time_since_death":4445,"minecraft:sleep_in_bed":2,"minecraft:climb_one_cm":2880,"minecraft:time_since_rest":4652,"minecraft:sprint_one_cm":153944,"minecraft:damage_taken":1775,"minecraft:walk_one_cm":259810,"minecraft:drop":6,"minecraft:damage_dealt":3570,"minecraft:swim_one_cm":38404,"minecraft:fly_one_cm":33940,"minecraft:open_chest":1,"minecraft:play_time":82518,"minecraft:deaths":5,"minecraft:walk_under_water_one_cm":6398,"minecraft:jump":617,"minecraft:walk_on_water_one_cm":26878,"minecraft:total_world_time":82518,"minecraft:interact_with_smoker":1,"minecraft:fall_one_cm":11170},"minecraft:dropped":{"minecraft:decorated_pot":1,"minecraft:rotten_flesh":1,"minecraft:dirt":7,"minecraft:jungle_log":1,"minecraft:spider_eye":1,"minecraft:wooden_pickaxe":1},"minecraft:used":{"naturalist:bass":1,"minecraft:cooked_mutton":4,"comforts:sleeping_bag_light_gray":2,"minecraft:stone_sword":40,"minecraft:stone_pickaxe":555,"minecraft:oak_planks":2,"minecraft:wooden_pickaxe":28,"minecraft:torch":9,"minecraft:dirt":6,"minecraft:crafting_table":4,"minecraft:jungle_sapling":1,"minecraft:wooden_axe":59,"chococraft:gysahl_green_seeds":1,"minecraft:bamboo":6,"minecraft:stone_axe":118,"minecraft:cobblestone":2,"minecraft:furnace":2,"minecraft:cooked_porkchop":1,"minecraft:birch_log":2,"chococraft:gysahl_green":3,"simplyswords:iron_spear":9},"minecraft:killed_by":{"minecraft:vindicator":1,"minecraft:skeleton":1,"minecraft:zombie":1,"minecraft:enderman":1},"minecraft:broken":{"minecraft:stone_pickaxe":4,"minecraft:stone_axe":1,"minecraft:wooden_axe":1},"minecraft:killed":{"minecraft:pig":8,"minecraft:spider":1,"naturalist:tortoise":2,"creeperoverhaul:bamboo_creeper":5,"minecraft:sheep":4,"naturalist:deer":1,"minecraft:zombie":3,"naturalist:bass":2,"minecraft:drowned":1,"minecraft:cow":3}},"DataVersion":3465}