{"stats":{"minecraft:picked_up":{"minecraft:birch_log":11,"minecraft:jungle_log":1,"minecraft:jungle_sapling":1,"minecraft:yellow_bed":1},"minecraft:mined":{"minecraft:birch_log":11,"minecraft:yellow_bed":1},"minecraft:custom":{"minecraft:time_since_rest":1830,"minecraft:walk_one_cm":27317,"minecraft:play_time":8576,"minecraft:sprint_one_cm":16759,"minecraft:damage_taken":430,"minecraft:deaths":1,"minecraft:drop":1,"minecraft:jump":60,"minecraft:damage_dealt":10,"minecraft:leave_game":1,"minecraft:time_since_death":1774,"minecraft:walk_on_water_one_cm":4851,"minecraft:total_world_time":8576,"minecraft:climb_one_cm":307,"minecraft:interact_with_smoker":1,"minecraft:interact_with_crafting_table":1,"minecraft:fall_one_cm":2397,"minecraft:fly_one_cm":2960},"minecraft:dropped":{"minecraft:jungle_log":1},"minecraft:used":{"minecraft:jungle_sapling":1,"minecraft:birch_log":2},"minecraft:killed_by":{"minecraft:vindicator":1}},"DataVersion":3465}