{"stats":{"minecraft:dropped":{"minecraft:decorated_pot":1,"minecraft:dirt":7,"minecraft:rotten_flesh":1,"minecraft:jungle_log":1,"minecraft:spider_eye":1,"minecraft:bamboo":1,"minecraft:wooden_pickaxe":1},"minecraft:broken":{"minecraft:stone_pickaxe":6,"minecraft:stone_axe":2,"minecraft:wooden_axe":1},"minecraft:used":{"minecraft:stone_sword":60,"minecraft:chest":1,"minecraft:torch":16,"minecraft:dirt":6,"minecraft:jungle_planks":105,"minecraft:jungle_sapling":1,"minecraft:wooden_axe":59,"minecraft:bamboo":6,"minecraft:furnace":3,"minecraft:egg":1,"minecraft:cooked_beef":2,"minecraft:light_gray_bed":1,"simplyswords:iron_spear":53,"naturalist:bass":1,"minecraft:cooked_mutton":4,"comforts:sleeping_bag_light_gray":2,"minecraft:stone_pickaxe":799,"minecraft:oak_planks":2,"minecraft:wooden_pickaxe":28,"minecraft:jungle_boat":4,"minecraft:crafting_table":10,"minecraft:white_bed":1,"minecraft:apple":2,"chococraft:gysahl_green_seeds":1,"minecraft:iron_pickaxe":12,"minecraft:stone_axe":247,"minecraft:cobblestone":78,"minecraft:cooked_porkchop":6,"minecraft:jungle_door":1,"minecraft:birch_log":2,"chococraft:gysahl_green":3,"minecraft:oak_boat":1},"minecraft:mined":{"minecraft:mossy_cobblestone":18,"minecraft:jungle_leaves":1,"minecraft:cave_vines_plant":1,"minecraft:acacia_log":2,"minecraft:grass_block":5,"minecraft:decorated_pot":1,"minecraft:jungle_planks":5,"minecraft:jungle_log":51,"minecraft:light_gray_bed":1,"minecraft:spruce_leaves":5,"minecraft:moss_block":1,"minecraft:furnace":2,"minecraft:iron_ore":14,"mythicmetals:tin_ore":21,"minecraft:azure_bluet":1,"chococraft:gysahl_green":15,"minecraft:cave_vines":1,"minecraft:vine":20,"minecraft:azalea_leaves":2,"minecraft:stone":199,"minecraft:podzol":4,"minecraft:crafting_table":3,"minecraft:oak_wood":8,"minecraft:calcite":6,"minecraft:melon":3,"minecraft:copper_ore":7,"minecraft:cobblestone":16,"minecraft:oak_planks":2,"minecraft:wall_torch":7,"minecraft:birch_log":45,"minecraft:spruce_log":24,"minecraft:birch_leaves":2,"minecraft:light_gray_wool":23,"minecraft:yellow_bed":1,"minecraft:grass":6,"minecraft:oak_log":24,"minecraft:coal_ore":86,"minecraft:dirt":69,"minecraft:oak_leaves":11,"minecraft:fern":1},"minecraft:custom":{"minecraft:mob_kills":56,"minecraft:interact_with_crafting_table":40,"minecraft:leave_game":1,"minecraft:time_since_death":52163,"minecraft:climb_one_cm":7952,"minecraft:sprint_one_cm":222655,"minecraft:walk_one_cm":478825,"minecraft:drop":7,"minecraft:play_time":149534,"minecraft:deaths":6,"minecraft:walk_under_water_one_cm":20234,"minecraft:boat_one_cm":224318,"minecraft:jump":1063,"minecraft:walk_on_water_one_cm":52276,"minecraft:total_world_time":149534,"minecraft:interact_with_furnace":25,"minecraft:sleep_in_bed":6,"minecraft:time_since_rest":1489,"minecraft:damage_taken":2725,"minecraft:damage_dealt":6280,"minecraft:swim_one_cm":62166,"minecraft:fly_one_cm":50621,"minecraft:open_chest":9,"minecraft:interact_with_smoker":1,"minecraft:fall_one_cm":18828},"minecraft:crafted":{"minecraft:oak_planks":128,"simplyswords:iron_spear":1,"comforts:sleeping_bag_white":1,"minecraft:cooked_chicken":9,"minecraft:furnace":1,"minecraft:light_gray_wool":1,"minecraft:cooked_mutton":9,"minecraft:stone_pickaxe":6,"minecraft:chest":1,"mythicmetals:tin_nugget":27,"mythicmetals:tin_ingot":6,"minecraft:cooked_beef":6,"minecraft:cooked_porkchop":18,"minecraft:crafting_table":7,"minecraft:jungle_boat":1,"minecraft:wooden_pickaxe":1,"minecraft:birch_planks":60,"minecraft:stone_axe":2,"comforts:sleeping_bag_light_gray":1,"minecraft:air":0,"minecraft:jungle_planks":132,"minecraft:light_gray_bed":1,"minecraft:oak_boat":1,"minecraft:jungle_door":3,"minecraft:white_wool":3,"minecraft:stick":71,"minecraft:iron_ingot":4,"minecraft:iron_pickaxe":1,"minecraft:wooden_axe":1,"minecraft:stone_sword":1,"minecraft:light_gray_dye":1,"minecraft:white_bed":1,"minecraft:torch":32},"minecraft:killed":{"minecraft:spider":1,"naturalist:tortoise":2,"creeperoverhaul:bamboo_creeper":7,"minecraft:skeleton":3,"naturalist:deer":1,"minecraft:chicken":9,"naturalist:bass":2,"minecraft:drowned":3,"minecraft:pig":10,"minecraft:sheep":8,"minecraft:pillager":1,"minecraft:zombie":6,"minecraft:cow":3},"minecraft:killed_by":{"minecraft:enderman":1,"minecraft:vindicator":1,"minecraft:skeleton":1,"minecraft:zombie":1,"naturalist:hippo":1},"minecraft:picked_up":{"minecraft:cocoa_beans":3,"chococraft:loverly_gysahl_green":3,"minecraft:crafting_table":4,"minecraft:azure_bluet":1,"minecraft:chicken":9,"minecraft:string":13,"minecraft:raw_copper":24,"minecraft:beef":6,"minecraft:calcite":5,"minecraft:jungle_sapling":1,"minecraft:light_gray_wool":23,"minecraft:melon_slice":12,"minecraft:egg":5,"minecraft:furnace":3,"minecraft:stick":7,"minecraft:raw_iron":14,"minecraft:torch":14,"minecraft:acacia_log":2,"minecraft:porkchop":18,"mythicmetals:raw_tin":50,"minecraft:arrow":2,"minecraft:rotten_flesh":9,"minecraft:light_gray_bed":1,"minecraft:decorated_pot":1,"minecraft:gold_ingot":1,"minecraft:mutton":10,"minecraft:white_wool":5,"minecraft:cobblestone":278,"minecraft:birch_log":45,"minecraft:jungle_boat":4,"minecraft:feather":10,"minecraft:jungle_log":51,"minecraft:leather":2,"minecraft:birch_planks":36,"minecraft:oak_log":24,"minecraft:yellow_bed":1,"mythicmetals:tin_ingot":3,"minecraft:dirt":85,"comforts:sleeping_bag_light_gray":3,"minecraft:name_tag":1,"naturalist:bass":1,"minecraft:bone":5,"chococraft:gysahl_green":39,"minecraft:iron_ingot":1,"bettermcdonaldsmod:tomato_seeds":1,"minecraft:bamboo":79,"minecraft:moss_block":1,"minecraft:oak_planks":62,"minecraft:jungle_planks":121,"chococraft:gysahl_green_seeds":24,"minecraft:spruce_log":24,"minecraft:spider_eye":1,"minecraft:mossy_cobblestone":18,"minecraft:oak_wood":8,"naturalist:antler":1,"bettermcdonaldsmod:lettuce_seeds":1,"minecraft:emerald":3,"minecraft:black_wool":2,"minecraft:coal":152}},"DataVersion":3465}