{"stats":{"minecraft:picked_up":{"minecraft:iron_chestplate":1,"chococraft:loverly_gysahl_green":4,"minecraft:black_carpet":1,"travelersbackpack:bat":1,"minecraft:stone_slab":4,"minecraft:enchanted_book":4,"minecraft:golden_sword":2,"minecraft:amethyst_block":180,"minecraft:string":23,"minecraft:waxed_cut_copper_slab":1,"minecraft:raw_copper":34,"minecraft:iron_leggings":1,"minecraft:experience_bottle":60,"minecraft:shroomlight":1,"minecraft:sea_pickle":8,"minecraft:diamond_leggings":1,"minecraft:deepslate_tiles":2,"minecraft:cobbled_deepslate":75,"bosses_of_mass_destruction:soul_star":5,"minecraft:spruce_planks":20,"minecraft:redstone_torch":1,"minecraft:calcite":55,"minecraft:azalea":5,"minecraft:azalea_leaves":3,"minecraft:melon_slice":12,"minecraft:furnace":8,"minecraft:stick":89,"minecraft:big_dripleaf":5,"minecraft:torch":129,"minecraft:acacia_log":317,"minecraft:spruce_stairs":4,"minecraft:porkchop":20,"minecraft:pointed_dripstone":2,"mythicmetals:morkite":60,"minecraft:deepslate_tile_stairs":1,"minecraft:zombie_spawn_egg":1,"minecraft:light_gray_bed":4,"minecraft:rotten_flesh":55,"mythicmetals:raw_manganese":12,"minecraft:tropical_fish":1,"minecraft:polished_basalt":1,"minecraft:iron_block":20,"minecraft:waxed_cut_copper":3,"minecraft:cobblestone":932,"minecraft:birch_log":45,"minecraft:feather":26,"minecraft:cooked_beef":19,"minecraft:jungle_log":89,"minecraft:mud_brick_stairs":1,"minecraft:lapis_lazuli":71,"minecraft:dirt":148,"minecraft:lantern":1,"minecraft:name_tag":1,"minecraft:purple_carpet":71,"minecraft:bone":154,"minecraft:acacia_planks":424,"minecraft:gray_terracotta":2,"minecraft:bow":3,"minecraft:wheat_seeds":6,"minecraft:raw_gold":1,"minecraft:bamboo":84,"minecraft:moss_block":12,"simplyswords:mythicmetals_compat/adamantite/adamantite_warglaive":1,"minecraft:oak_planks":342,"minecraft:jungle_planks":139,"minecraft:mossy_cobblestone":18,"minecraft:skeleton_spawn_egg":1,"minecraft:polished_andesite":4,"naturalist:antler":1,"minecraft:diamond":50,"minecraft:soul_lantern":1,"minecraft:crossbow":1,"minecraft:golden_apple":2,"minecraft:bread":1,"minecraft:emerald":15,"minecraft:mud":11,"minecraft:cocoa_beans":12,"minecraft:mud_brick_slab":2,"minecraft:crafting_table":4,"minecraft:azure_bluet":1,"minecraft:chicken":17,"minecraft:clay_ball":32,"minecraft:gold_block":40,"mythicmetals:adamantite_pickaxe":1,"mythicmetals:raw_prometheum":6,"minecraft:moss_carpet":11,"minecraft:iron_axe":1,"immersive_melodies:lute":1,"minecraft:blue_orchid":1,"mythicmetals:raw_adamantite":16,"simplyswords:runic_tablet":2,"minecraft:beef":6,"minecraft:player_head":1,"minecraft:jungle_sapling":1,"minecraft:iron_nugget":48,"minecraft:light_gray_wool":29,"mythicmetals:raw_mythril":12,"minecraft:spruce_trapdoor":2,"minecraft:egg":10,"mythicmetals:raw_orichalcum":12,"minecraft:raw_iron":79,"naturalist:duck":3,"minecraft:raw_gold_block":1,"mythicmetals:raw_tin":50,"minecraft:dark_oak_planks":3,"minecraft:chicken_spawn_egg":1,"mythicmetals:raw_runite":9,"minecraft:arrow":274,"minecraft:decorated_pot":1,"minecraft:pumpkin_pie":3,"minecraft:stripped_dark_oak_wood":2,"minecraft:gold_ingot":89,"minecraft:glow_berries":20,"minecraft:mutton":12,"minecraft:white_wool":7,"minecraft:mud_bricks":17,"minecraft:jungle_boat":14,"minecraft:glow_ink_sac":1,"pureamethysttools:pure_amethyst_gem":1,"minecraft:cut_sandstone":1,"minecraft:leather":2,"minecraft:birch_planks":36,"minecraft:packed_mud":2,"minecraft:oak_log":25,"minecraft:yellow_bed":1,"minecraft:gunpowder":13,"mythicmetals:tin_ingot":3,"minecraft:paper":10,"comforts:sleeping_bag_light_gray":5,"minecraft:cooked_mutton":4,"naturalist:bass":2,"chococraft:gysahl_green":102,"minecraft:iron_ingot":63,"minecraft:iron_ore":9,"bettermcdonaldsmod:tomato_seeds":11,"minecraft:glass_bottle":2,"minecraft:iron_sword":1,"minecraft:flowering_azalea":7,"minecraft:dark_oak_stairs":1,"minecraft:book":47,"minecraft:scaffolding":7,"minecraft:smooth_basalt":6,"minecraft:emerald_block":6,"minecraft:yellow_concrete":41,"simplyswords:mythicmetals_compat/banglum/banglum_halberd":1,"minecraft:gravel":1,"minecraft:amethyst_shard":216,"chococraft:gysahl_green_seeds":28,"minecraft:white_bed":7,"minecraft:spruce_log":24,"minecraft:spider_eye":2,"minecraft:oak_wood":8,"mythicmetals:carmot_ingot":3,"minecraft:slime_ball":97,"bettermcdonaldsmod:lettuce_seeds":11,"minecraft:baked_potato":16,"minecraft:black_wool":2,"minecraft:coal":405,"minecraft:ender_pearl":5},"minecraft:mined":{"minecraft:waxed_cut_copper_slab":1,"minecraft:spruce_planks":19,"minecraft:white_bed":7,"minecraft:andesite_stairs":1,"minecraft:jungle_leaves":1,"mythicmetals:deepslate_morkite_ore":25,"minecraft:cave_vines_plant":24,"minecraft:spruce_trapdoor":1,"minecraft:budding_amethyst":1,"minecraft:acacia_log":90,"minecraft:grass_block":11,"minecraft:jungle_log":90,"minecraft:light_gray_bed":4,"minecraft:deepslate_tile_stairs":2,"minecraft:mud_bricks":5,"minecraft:spawner":12,"minecraft:glowstone":2,"minecraft:iron_ore":54,"minecraft:cobbled_deepslate":3,"minecraft:black_carpet":1,"minecraft:deepslate_lapis_ore":3,"minecraft:azure_bluet":1,"chococraft:gysahl_green":44,"minecraft:cave_vines":23,"minecraft:purple_carpet":54,"minecraft:azalea_leaves":7,"minecraft:azalea":1,"minecraft:waxed_cut_copper":3,"minecraft:amethyst_cluster":27,"minecraft:clay":1,"minecraft:torch":1,"minecraft:calcite":66,"minecraft:mud_brick_stairs":1,"minecraft:melon":3,"mythicmetals:deepslate_prometheum_ore":4,"minecraft:cobblestone":16,"minecraft:oak_planks":2,"minecraft:wall_torch":10,"minecraft:amethyst_block":179,"minecraft:seagrass":1,"minecraft:mud":7,"minecraft:birch_log":45,"mythicmetals:manganese_ore":3,"minecraft:light_gray_wool":23,"minecraft:grass":22,"minecraft:oak_log":25,"minecraft:dirt":73,"minecraft:smooth_basalt":6,"minecraft:oak_leaves":20,"minecraft:deepslate":63,"minecraft:emerald_block":6,"minecraft:deepslate_tiles":2,"minecraft:mossy_cobblestone":18,"minecraft:deepslate_diamond_ore":12,"minecraft:glow_lichen":1,"minecraft:decorated_pot":1,"minecraft:jungle_planks":9,"minecraft:redstone_wire":1,"minecraft:spruce_leaves":5,"minecraft:moss_block":8,"travelersbackpack:bat":1,"minecraft:furnace":7,"minecraft:raw_gold_block":1,"minecraft:andesite":1,"mythicmetals:tin_ore":21,"mythicmetals:deepslate_mythril_ore":8,"minecraft:big_dripleaf_stem":1,"minecraft:bookshelf":1,"minecraft:shroomlight":1,"minecraft:deepslate_iron_ore":24,"minecraft:vine":33,"minecraft:stone":328,"minecraft:podzol":4,"minecraft:mud_brick_slab":1,"minecraft:scaffolding":6,"minecraft:flowering_azalea":2,"minecraft:crafting_table":3,"minecraft:oak_wood":8,"minecraft:andesite_wall":1,"minecraft:stone_slab":1,"minecraft:copper_ore":8,"minecraft:deepslate_coal_ore":8,"minecraft:big_dripleaf":1,"minecraft:spruce_stairs":2,"minecraft:sea_pickle":3,"minecraft:redstone_torch":1,"minecraft:spruce_log":24,"minecraft:birch_leaves":2,"minecraft:yellow_bed":1,"minecraft:coal_ore":141,"minecraft:gravel":1,"minecraft:yellow_concrete":45,"minecraft:acacia_planks":5,"minecraft:polished_andesite":8,"minecraft:small_dripleaf":1,"minecraft:fern":9},"minecraft:crafted":{"naturalist:cooked_duck":3,"minecraft:oak_planks":132,"newshieldvariants:diamond_shield":1,"minecraft:cooked_chicken":17,"minecraft:cooked_mutton":10,"minecraft:iron_boots":2,"minecraft:chest":3,"mythicmetals:tin_nugget":27,"mythicmetals:tin_ingot":6,"minecraft:emerald":54,"minecraft:cooked_porkchop":20,"minecraft:crafting_table":10,"simplyswords:iron_claymore":1,"minecraft:jungle_boat":2,"minecraft:wooden_pickaxe":1,"minecraft:iron_helmet":1,"eatanomelette:omelette":1,"minecraft:birch_planks":60,"naturalist:glow_goop":2,"minecraft:light_gray_bed":2,"minecraft:iron_chestplate":2,"minecraft:golden_leggings":1,"minecraft:shield":1,"minecraft:stick":111,"minecraft:iron_ingot":51,"minecraft:iron_pickaxe":2,"minecraft:stone_sword":1,"minecraft:light_gray_dye":1,"minecraft:iron_nugget":27,"simplyswords:iron_spear":1,"comforts:sleeping_bag_white":1,"minecraft:furnace":3,"minecraft:light_gray_wool":1,"minecraft:iron_axe":1,"minecraft:stone_pickaxe":7,"minecraft:cooked_beef":6,"simplyswords:iron_halberd":1,"minecraft:bucket":1,"minecraft:stone_axe":2,"comforts:sleeping_bag_light_gray":2,"minecraft:jungle_planks":140,"minecraft:air":0,"minecraft:oak_boat":1,"minecraft:jungle_door":3,"minecraft:white_wool":3,"minecraft:wooden_axe":1,"minecraft:iron_leggings":1,"minecraft:white_bed":1,"minecraft:acacia_planks":72,"minecraft:torch":76},"minecraft:custom":{"minecraft:interact_with_crafting_table":91,"minecraft:open_barrel":3,"minecraft:leave_game":15,"minecraft:time_since_death":97496,"minecraft:sprint_one_cm":1175622,"minecraft:damage_blocked_by_shield":1645,"minecraft:drop":102,"minecraft:talked_to_villager":5,"minecraft:play_time":537030,"minecraft:deaths":47,"minecraft:jump":4905,"minecraft:walk_on_water_one_cm":216182,"minecraft:interact_with_furnace":70,"minecraft:sleep_in_bed":21,"minecraft:damage_dealt":34118,"minecraft:player_kills":1,"minecraft:crouch_one_cm":9383,"minecraft:interact_with_smoker":2,"minecraft:interact_with_smithing_table":1,"minecraft:interact_with_anvil":6,"minecraft:mob_kills":222,"minecraft:interact_with_campfire":2,"minecraft:climb_one_cm":56249,"minecraft:walk_one_cm":2105374,"minecraft:sneak_time":2171,"minecraft:walk_under_water_one_cm":52744,"minecraft:boat_one_cm":287400,"minecraft:total_world_time":537030,"minecraft:time_since_rest":24142,"minecraft:damage_taken":18901,"minecraft:swim_one_cm":154346,"minecraft:fly_one_cm":188709,"minecraft:open_chest":122,"minecraft:fall_one_cm":91741},"minecraft:dropped":{"minecraft:moss_block":4,"chococraft:loverly_gysahl_green":1,"minecraft:cooked_beef":4,"bettermcdonaldsmod:lettuce_seeds":4,"minecraft:glow_ink_sac":1,"minecraft:glass_bottle":2,"minecraft:decorated_pot":1,"mythicmetals:raw_runite":2,"minecraft:jungle_planks":1,"minecraft:emerald":1,"bettermcdonaldsmod:tomato_seeds":4,"minecraft:dirt":9,"minecraft:white_wool":2,"minecraft:iron_nugget":16,"minecraft:cooked_chicken":6,"minecraft:cobbled_deepslate":5,"minecraft:pointed_dripstone":1,"minecraft:rotten_flesh":28,"minecraft:cooked_mutton":2,"simplyswords:mythicmetals_compat/banglum/banglum_halberd":1,"minecraft:gunpowder":2,"minecraft:jungle_log":1,"minecraft:azalea":4,"minecraft:purple_carpet":6,"minecraft:egg":2,"minecraft:wheat_seeds":2,"minecraft:diamond_leggings":2,"minecraft:feather":5,"minecraft:cobblestone":10,"chococraft:gysahl_green_seeds":4,"minecraft:spruce_stairs":1,"minecraft:coal":29,"minecraft:polished_andesite":4,"minecraft:flowering_azalea":4,"minecraft:mud":6,"minecraft:paper":2,"minecraft:smooth_basalt":3,"minecraft:furnace":1,"minecraft:moss_carpet":7,"minecraft:cocoa_beans":9,"minecraft:clay_ball":28,"minecraft:stone_slab":4,"minecraft:sea_pickle":5,"minecraft:spruce_trapdoor":2,"minecraft:spruce_planks":3,"minecraft:iron_chestplate":1,"minecraft:golden_sword":2,"pureamethysttools:pure_amethyst_gem":1,"minecraft:spider_eye":2,"minecraft:bamboo":2,"minecraft:slime_ball":1,"minecraft:bow":1,"minecraft:wooden_pickaxe":1,"minecraft:calcite":37},"minecraft:used":{"minecraft:moss_block":2,"mythicmetals:adamantite_pickaxe":184,"minecraft:chest":3,"minecraft:shield":32,"minecraft:iron_sword":114,"minecraft:iron_chestplate":2,"minecraft:jungle_planks":107,"minecraft:big_dripleaf":4,"minecraft:jungle_sapling":1,"minecraft:stripped_dark_oak_wood":1,"minecraft:packed_mud":2,"minecraft:iron_helmet":1,"minecraft:bow":54,"minecraft:scaffolding":1,"minecraft:furnace":8,"minecraft:egg":2,"simplyswords:iron_spear":115,"minecraft:stone_pickaxe":936,"minecraft:oak_planks":2,"minecraft:ender_pearl":1,"minecraft:wooden_pickaxe":28,"minecraft:jungle_boat":5,"minecraft:glow_berries":2,"minecraft:crossbow":2,"simplyswords:iron_halberd":168,"minecraft:yellow_concrete":26,"minecraft:bread":1,"naturalist:cooked_duck":1,"minecraft:birch_log":2,"chococraft:gysahl_green":9,"minecraft:oak_boat":1,"simplyswords:iron_claymore":180,"minecraft:stone_sword":74,"minecraft:cooked_chicken":11,"travelersbackpack:bat":2,"minecraft:torch":61,"minecraft:dirt":6,"minecraft:wooden_axe":59,"minecraft:flowering_azalea":2,"minecraft:iron_axe":255,"eatanomelette:omelette":1,"minecraft:iron_boots":2,"minecraft:mud_bricks":4,"minecraft:smooth_basalt":3,"minecraft:bamboo":6,"minecraft:cooked_beef":21,"minecraft:cobbled_deepslate":3,"minecraft:acacia_planks":5,"minecraft:light_gray_bed":5,"minecraft:iron_leggings":1,"minecraft:calcite":13,"naturalist:bass":2,"minecraft:cooked_mutton":12,"comforts:sleeping_bag_light_gray":3,"minecraft:water_bucket":1,"minecraft:baked_potato":16,"minecraft:crafting_table":13,"minecraft:white_bed":8,"minecraft:apple":2,"chococraft:gysahl_green_seeds":1,"minecraft:iron_pickaxe":1328,"minecraft:golden_leggings":1,"minecraft:stone_axe":247,"minecraft:cobblestone":125,"minecraft:cooked_porkchop":20,"minecraft:jungle_door":1,"minecraft:bucket":2,"minecraft:pumpkin_pie":3},"minecraft:broken":{"minecraft:iron_boots":1,"minecraft:iron_chestplate":1,"minecraft:iron_leggings":1,"minecraft:stone_pickaxe":7,"minecraft:stone_axe":2,"minecraft:wooden_axe":1,"minecraft:iron_axe":2,"minecraft:iron_pickaxe":3,"minecraft:iron_helmet":1},"minecraft:killed_by":{"minecraft:evoker":1,"minecraft:vindicator":1,"minecraft:zombie":1,"minecraft:witch":2,"naturalist:hippo":1,"minecraft:enderman":1,"minecraft:skeleton":36,"cave_dweller:cave_dweller":1},"minecraft:killed":{"minecraft:witch":2,"minecraft:spider":6,"creeperoverhaul:bamboo_creeper":7,"naturalist:snail":1,"minecraft:skeleton":55,"minecraft:chicken":17,"creeperoverhaul:jungle_creeper":2,"minecraft:pig":11,"minecraft:salmon":2,"minecraft:creeper":1,"minecraft:sheep":9,"minecraft:pillager":1,"minecraft:zombie":48,"creeperoverhaul:swamp_creeper":1,"cave_dweller:cave_dweller":1,"minecraft:cow":3,"minecraft:vex":2,"minecraft:slime":27,"naturalist:tortoise":3,"naturalist:duck":3,"naturalist:deer":1,"naturalist:bass":5,"minecraft:drowned":9,"minecraft:husk":1,"minecraft:player":1,"minecraft:enderman":2}},"DataVersion":3465}