{"stats":{"minecraft:picked_up":{"chococraft:loverly_gysahl_green":3,"minecraft:iron_chestplate":1,"minecraft:black_carpet":1,"minecraft:enchanted_book":2,"minecraft:golden_sword":2,"minecraft:string":16,"minecraft:waxed_cut_copper_slab":1,"minecraft:raw_copper":34,"minecraft:iron_leggings":1,"minecraft:experience_bottle":60,"minecraft:shroomlight":1,"minecraft:sea_pickle":8,"minecraft:diamond_leggings":1,"minecraft:deepslate_tiles":2,"bosses_of_mass_destruction:soul_star":5,"minecraft:spruce_planks":18,"minecraft:redstone_torch":1,"minecraft:calcite":5,"minecraft:azalea":5,"minecraft:azalea_leaves":3,"minecraft:melon_slice":12,"minecraft:furnace":4,"minecraft:stick":89,"minecraft:big_dripleaf":4,"minecraft:torch":129,"minecraft:acacia_log":317,"minecraft:spruce_stairs":4,"minecraft:porkchop":18,"minecraft:pointed_dripstone":2,"minecraft:deepslate_tile_stairs":1,"minecraft:zombie_spawn_egg":1,"minecraft:light_gray_bed":1,"minecraft:rotten_flesh":54,"mythicmetals:raw_manganese":12,"minecraft:polished_basalt":1,"minecraft:iron_block":20,"minecraft:waxed_cut_copper":3,"minecraft:cobblestone":914,"minecraft:birch_log":45,"minecraft:feather":21,"minecraft:cooked_beef":19,"minecraft:jungle_log":89,"minecraft:mud_brick_stairs":1,"minecraft:dirt":146,"minecraft:name_tag":1,"minecraft:bone":154,"minecraft:acacia_planks":421,"minecraft:gray_terracotta":2,"minecraft:bow":2,"minecraft:wheat_seeds":6,"minecraft:bamboo":84,"minecraft:moss_block":11,"minecraft:oak_planks":342,"minecraft:jungle_planks":137,"minecraft:mossy_cobblestone":18,"minecraft:skeleton_spawn_egg":1,"naturalist:antler":1,"minecraft:diamond":30,"minecraft:soul_lantern":1,"minecraft:crossbow":1,"minecraft:golden_apple":2,"minecraft:bread":1,"minecraft:emerald":13,"minecraft:cocoa_beans":12,"minecraft:mud":10,"minecraft:mud_brick_slab":2,"minecraft:crafting_table":4,"minecraft:azure_bluet":1,"minecraft:chicken":11,"minecraft:clay_ball":4,"minecraft:gold_block":40,"minecraft:moss_carpet":7,"immersive_melodies:lute":1,"minecraft:blue_orchid":1,"mythicmetals:raw_adamantite":16,"simplyswords:runic_tablet":1,"minecraft:beef":6,"minecraft:player_head":1,"minecraft:jungle_sapling":1,"minecraft:iron_nugget":48,"minecraft:light_gray_wool":23,"mythicmetals:raw_mythril":4,"minecraft:egg":6,"mythicmetals:raw_orichalcum":12,"minecraft:raw_iron":52,"minecraft:raw_gold_block":1,"mythicmetals:raw_tin":50,"minecraft:dark_oak_planks":3,"mythicmetals:raw_runite":8,"minecraft:arrow":248,"minecraft:decorated_pot":1,"minecraft:pumpkin_pie":3,"minecraft:stripped_dark_oak_wood":2,"minecraft:gold_ingot":43,"minecraft:glow_berries":12,"minecraft:mutton":12,"minecraft:white_wool":6,"minecraft:mud_bricks":17,"minecraft:jungle_boat":14,"minecraft:cut_sandstone":1,"minecraft:leather":2,"minecraft:birch_planks":36,"minecraft:packed_mud":2,"minecraft:oak_log":24,"minecraft:yellow_bed":1,"minecraft:gunpowder":7,"mythicmetals:tin_ingot":3,"minecraft:paper":10,"comforts:sleeping_bag_light_gray":3,"minecraft:cooked_mutton":2,"naturalist:bass":1,"chococraft:gysahl_green":39,"minecraft:iron_ingot":54,"bettermcdonaldsmod:tomato_seeds":9,"minecraft:iron_sword":1,"minecraft:flowering_azalea":6,"minecraft:dark_oak_stairs":1,"minecraft:book":25,"minecraft:emerald_block":6,"minecraft:yellow_concrete":41,"simplyswords:mythicmetals_compat/banglum/banglum_halberd":1,"chococraft:gysahl_green_seeds":24,"minecraft:white_bed":7,"minecraft:spruce_log":24,"minecraft:spider_eye":2,"minecraft:oak_wood":8,"mythicmetals:carmot_ingot":3,"minecraft:slime_ball":96,"bettermcdonaldsmod:lettuce_seeds":10,"minecraft:baked_potato":16,"minecraft:black_wool":2,"minecraft:coal":347,"minecraft:ender_pearl":4},"minecraft:mined":{"minecraft:waxed_cut_copper_slab":1,"minecraft:spruce_planks":18,"minecraft:white_bed":7,"minecraft:jungle_leaves":1,"minecraft:cave_vines_plant":14,"minecraft:acacia_log":90,"minecraft:grass_block":6,"minecraft:jungle_log":90,"minecraft:light_gray_bed":1,"minecraft:deepslate_tile_stairs":2,"minecraft:mud_bricks":5,"minecraft:spawner":12,"minecraft:glowstone":2,"minecraft:iron_ore":52,"minecraft:black_carpet":1,"minecraft:azure_bluet":1,"chococraft:gysahl_green":15,"minecraft:cave_vines":17,"minecraft:azalea_leaves":7,"minecraft:azalea":1,"minecraft:waxed_cut_copper":3,"minecraft:clay":1,"minecraft:torch":1,"minecraft:calcite":6,"minecraft:mud_brick_stairs":1,"minecraft:melon":3,"minecraft:cobblestone":16,"minecraft:oak_planks":2,"minecraft:wall_torch":10,"minecraft:seagrass":1,"minecraft:mud":6,"minecraft:birch_log":45,"mythicmetals:manganese_ore":3,"minecraft:light_gray_wool":23,"minecraft:grass":11,"minecraft:oak_log":24,"minecraft:dirt":69,"minecraft:oak_leaves":11,"minecraft:emerald_block":6,"minecraft:deepslate_tiles":2,"minecraft:mossy_cobblestone":18,"minecraft:glow_lichen":1,"minecraft:decorated_pot":1,"minecraft:jungle_planks":7,"minecraft:redstone_wire":1,"minecraft:spruce_leaves":5,"minecraft:moss_block":7,"minecraft:furnace":3,"minecraft:raw_gold_block":1,"mythicmetals:tin_ore":21,"minecraft:big_dripleaf_stem":1,"minecraft:bookshelf":1,"minecraft:shroomlight":1,"minecraft:vine":33,"minecraft:stone":309,"minecraft:podzol":4,"minecraft:mud_brick_slab":1,"minecraft:flowering_azalea":2,"minecraft:crafting_table":3,"minecraft:oak_wood":8,"minecraft:copper_ore":8,"minecraft:big_dripleaf":1,"minecraft:spruce_stairs":2,"minecraft:sea_pickle":3,"minecraft:redstone_torch":1,"minecraft:spruce_log":24,"minecraft:birch_leaves":2,"minecraft:yellow_bed":1,"minecraft:coal_ore":141,"minecraft:yellow_concrete":45,"minecraft:small_dripleaf":1,"minecraft:fern":3},"minecraft:crafted":{"minecraft:oak_planks":128,"minecraft:cooked_chicken":11,"minecraft:cooked_mutton":10,"minecraft:iron_boots":2,"minecraft:chest":3,"mythicmetals:tin_nugget":27,"mythicmetals:tin_ingot":6,"minecraft:emerald":54,"minecraft:cooked_porkchop":18,"minecraft:crafting_table":9,"simplyswords:iron_claymore":1,"minecraft:jungle_boat":2,"minecraft:wooden_pickaxe":1,"minecraft:iron_helmet":1,"naturalist:glow_goop":2,"minecraft:birch_planks":60,"minecraft:light_gray_bed":1,"minecraft:iron_chestplate":2,"minecraft:golden_leggings":1,"minecraft:shield":1,"minecraft:stick":111,"minecraft:iron_ingot":42,"minecraft:iron_pickaxe":2,"minecraft:stone_sword":1,"minecraft:light_gray_dye":1,"minecraft:iron_nugget":27,"simplyswords:iron_spear":1,"comforts:sleeping_bag_white":1,"minecraft:furnace":2,"minecraft:light_gray_wool":1,"minecraft:iron_axe":1,"minecraft:stone_pickaxe":7,"minecraft:cooked_beef":6,"simplyswords:iron_halberd":1,"minecraft:stone_axe":2,"comforts:sleeping_bag_light_gray":1,"minecraft:jungle_planks":140,"minecraft:air":0,"minecraft:oak_boat":1,"minecraft:jungle_door":3,"minecraft:white_wool":3,"minecraft:wooden_axe":1,"minecraft:iron_leggings":1,"minecraft:white_bed":1,"minecraft:acacia_planks":72,"minecraft:torch":76},"minecraft:custom":{"minecraft:interact_with_crafting_table":82,"minecraft:open_barrel":2,"minecraft:leave_game":8,"minecraft:time_since_death":52019,"minecraft:sprint_one_cm":934720,"minecraft:damage_blocked_by_shield":1645,"minecraft:drop":50,"minecraft:play_time":405076,"minecraft:deaths":46,"minecraft:jump":3453,"minecraft:walk_on_water_one_cm":157209,"minecraft:interact_with_furnace":58,"minecraft:sleep_in_bed":12,"minecraft:damage_dealt":30121,"minecraft:player_kills":1,"minecraft:crouch_one_cm":9333,"minecraft:interact_with_smoker":1,"minecraft:mob_kills":189,"minecraft:interact_with_anvil":3,"minecraft:climb_one_cm":28485,"minecraft:walk_one_cm":1612454,"minecraft:sneak_time":1927,"minecraft:walk_under_water_one_cm":34627,"minecraft:boat_one_cm":287400,"minecraft:total_world_time":405076,"minecraft:time_since_rest":52088,"minecraft:damage_taken":17616,"minecraft:swim_one_cm":75382,"minecraft:fly_one_cm":134263,"minecraft:open_chest":88,"minecraft:fall_one_cm":66047},"minecraft:dropped":{"minecraft:moss_block":4,"minecraft:cooked_beef":4,"bettermcdonaldsmod:lettuce_seeds":3,"minecraft:decorated_pot":1,"mythicmetals:raw_runite":2,"minecraft:dirt":7,"bettermcdonaldsmod:tomato_seeds":2,"minecraft:iron_nugget":8,"minecraft:cooked_chicken":6,"minecraft:pointed_dripstone":1,"minecraft:rotten_flesh":27,"minecraft:cooked_mutton":2,"simplyswords:mythicmetals_compat/banglum/banglum_halberd":1,"minecraft:jungle_log":1,"minecraft:azalea":1,"minecraft:wheat_seeds":2,"minecraft:diamond_leggings":2,"minecraft:spruce_stairs":1,"minecraft:coal":29,"minecraft:flowering_azalea":3,"minecraft:mud":6,"minecraft:paper":2,"minecraft:cocoa_beans":9,"minecraft:sea_pickle":5,"minecraft:spruce_planks":1,"minecraft:iron_chestplate":1,"minecraft:golden_sword":2,"minecraft:spider_eye":2,"minecraft:bamboo":2,"minecraft:wooden_pickaxe":1},"minecraft:used":{"minecraft:moss_block":1,"minecraft:chest":3,"minecraft:shield":32,"minecraft:iron_sword":76,"minecraft:iron_chestplate":2,"minecraft:jungle_planks":105,"minecraft:big_dripleaf":4,"minecraft:jungle_sapling":1,"minecraft:stripped_dark_oak_wood":1,"minecraft:packed_mud":2,"minecraft:iron_helmet":1,"minecraft:bow":54,"minecraft:furnace":4,"minecraft:egg":1,"simplyswords:iron_spear":115,"minecraft:stone_pickaxe":936,"minecraft:oak_planks":2,"minecraft:ender_pearl":1,"minecraft:wooden_pickaxe":28,"minecraft:jungle_boat":5,"simplyswords:iron_halberd":158,"minecraft:yellow_concrete":26,"minecraft:crossbow":2,"minecraft:birch_log":2,"chococraft:gysahl_green":3,"minecraft:oak_boat":1,"simplyswords:iron_claymore":154,"minecraft:stone_sword":74,"minecraft:cooked_chicken":5,"minecraft:torch":61,"minecraft:dirt":6,"minecraft:wooden_axe":59,"minecraft:flowering_azalea":2,"minecraft:iron_axe":249,"minecraft:iron_boots":2,"minecraft:mud_bricks":4,"minecraft:bamboo":6,"minecraft:cooked_beef":21,"minecraft:light_gray_bed":1,"minecraft:iron_leggings":1,"naturalist:bass":1,"minecraft:cooked_mutton":10,"comforts:sleeping_bag_light_gray":2,"minecraft:baked_potato":8,"minecraft:crafting_table":12,"minecraft:white_bed":8,"minecraft:apple":2,"chococraft:gysahl_green_seeds":1,"minecraft:iron_pickaxe":502,"minecraft:golden_leggings":1,"minecraft:stone_axe":247,"minecraft:cobblestone":125,"minecraft:cooked_porkchop":18,"minecraft:jungle_door":1,"minecraft:pumpkin_pie":3},"minecraft:killed_by":{"minecraft:vindicator":1,"minecraft:zombie":1,"minecraft:witch":2,"naturalist:hippo":1,"minecraft:enderman":1,"minecraft:skeleton":36,"cave_dweller:cave_dweller":1},"minecraft:broken":{"minecraft:iron_boots":1,"minecraft:iron_chestplate":1,"minecraft:iron_leggings":1,"minecraft:stone_pickaxe":7,"minecraft:stone_axe":2,"minecraft:wooden_axe":1,"minecraft:iron_axe":1,"minecraft:iron_pickaxe":2,"minecraft:iron_helmet":1},"minecraft:killed":{"minecraft:spider":6,"creeperoverhaul:bamboo_creeper":7,"minecraft:skeleton":55,"minecraft:chicken":11,"creeperoverhaul:jungle_creeper":2,"minecraft:pig":10,"minecraft:creeper":1,"minecraft:sheep":9,"minecraft:pillager":1,"minecraft:zombie":42,"creeperoverhaul:swamp_creeper":1,"cave_dweller:cave_dweller":1,"minecraft:cow":3,"minecraft:slime":27,"naturalist:tortoise":2,"naturalist:deer":1,"naturalist:bass":2,"minecraft:drowned":4,"minecraft:husk":1,"minecraft:player":1,"minecraft:enderman":2}},"DataVersion":3465}