{"stats":{"minecraft:picked_up":{"minecraft:birch_log":45,"minecraft:crafting_table":1,"chococraft:loverly_gysahl_green":1,"minecraft:jungle_log":31,"minecraft:birch_planks":36,"minecraft:oak_log":8,"minecraft:yellow_bed":1,"minecraft:string":1,"comforts:sleeping_bag_light_gray":3,"minecraft:name_tag":1,"chococraft:gysahl_green":29,"minecraft:iron_ingot":1,"minecraft:jungle_sapling":1,"minecraft:light_gray_wool":13,"minecraft:bamboo":34,"minecraft:melon_slice":9,"minecraft:oak_planks":2,"minecraft:furnace":1,"minecraft:stick":4,"minecraft:porkchop":5,"chococraft:gysahl_green_seeds":10,"mythicmetals:raw_tin":32,"minecraft:spider_eye":1,"minecraft:mossy_cobblestone":1,"minecraft:oak_wood":8,"minecraft:rotten_flesh":1,"minecraft:emerald":2,"minecraft:gold_ingot":1,"minecraft:black_wool":2,"minecraft:mutton":4,"minecraft:coal":37,"minecraft:cobblestone":124},"minecraft:mined":{"minecraft:mossy_cobblestone":1,"minecraft:jungle_leaves":1,"minecraft:crafting_table":1,"minecraft:oak_wood":8,"minecraft:melon":2,"minecraft:jungle_log":31,"minecraft:cobblestone":2,"minecraft:oak_planks":2,"minecraft:furnace":1,"minecraft:birch_log":45,"minecraft:birch_leaves":2,"mythicmetals:tin_ore":21,"minecraft:light_gray_wool":10,"minecraft:yellow_bed":1,"minecraft:grass":1,"minecraft:oak_log":8,"chococraft:gysahl_green":10,"minecraft:coal_ore":21,"minecraft:vine":13,"minecraft:azalea_leaves":1,"minecraft:stone":122},"minecraft:crafted":{"minecraft:oak_planks":64,"minecraft:cooked_porkchop":5,"minecraft:crafting_table":2,"minecraft:wooden_pickaxe":1,"minecraft:furnace":1,"minecraft:birch_planks":60,"minecraft:stone_axe":1,"comforts:sleeping_bag_light_gray":1,"minecraft:cooked_mutton":4,"minecraft:jungle_planks":120,"minecraft:stick":16,"minecraft:stone_pickaxe":4,"minecraft:wooden_axe":1,"minecraft:torch":8,"mythicmetals:tin_ingot":3},"minecraft:custom":{"minecraft:interact_with_furnace":9,"minecraft:mob_kills":10,"minecraft:interact_with_crafting_table":17,"minecraft:leave_game":1,"minecraft:time_since_death":20229,"minecraft:sleep_in_bed":2,"minecraft:climb_one_cm":1767,"minecraft:time_since_rest":20458,"minecraft:sprint_one_cm":72531,"minecraft:damage_taken":1245,"minecraft:walk_one_cm":134058,"minecraft:drop":3,"minecraft:damage_dealt":1208,"minecraft:swim_one_cm":18331,"minecraft:fly_one_cm":15250,"minecraft:open_chest":1,"minecraft:play_time":46917,"minecraft:deaths":4,"minecraft:walk_under_water_one_cm":1548,"minecraft:jump":260,"minecraft:walk_on_water_one_cm":15427,"minecraft:interact_with_smoker":1,"minecraft:total_world_time":46917,"minecraft:fall_one_cm":4555},"minecraft:dropped":{"minecraft:jungle_log":1,"minecraft:spider_eye":1,"minecraft:wooden_pickaxe":1},"minecraft:used":{"minecraft:cooked_mutton":1,"comforts:sleeping_bag_light_gray":2,"minecraft:stone_pickaxe":351,"minecraft:oak_planks":2,"minecraft:wooden_pickaxe":28,"minecraft:torch":1,"minecraft:crafting_table":2,"minecraft:jungle_sapling":1,"minecraft:wooden_axe":59,"chococraft:gysahl_green_seeds":1,"minecraft:stone_axe":118,"minecraft:cobblestone":2,"minecraft:furnace":1,"minecraft:birch_log":2,"chococraft:gysahl_green":3},"minecraft:killed_by":{"minecraft:vindicator":1,"minecraft:skeleton":1,"minecraft:zombie":1},"minecraft:broken":{"minecraft:stone_pickaxe":2,"minecraft:stone_axe":1,"minecraft:wooden_axe":1},"minecraft:killed":{"minecraft:pig":3,"minecraft:spider":1,"creeperoverhaul:bamboo_creeper":2,"minecraft:sheep":2,"minecraft:zombie":2}},"DataVersion":3465}