{"stats":{"minecraft:mined":{"minecraft:short_grass":1,"minecraft:dirt":2,"minecraft:birch_log":11,"minecraft:stone":4,"minecraft:birch_leaves":2},"minecraft:used":{"minecraft:stone_axe":6,"minecraft:salmon":1,"minecraft:crafting_table":1,"minecraft:birch_log":1,"minecraft:wooden_pickaxe":16},"minecraft:custom":{"minecraft:time_since_rest":7044,"minecraft:play_time":7044,"minecraft:sprint_one_cm":12195,"minecraft:damage_taken":100,"minecraft:walk_one_cm":12319,"minecraft:sneak_time":28,"minecraft:walk_under_water_one_cm":4501,"minecraft:mob_kills":1,"minecraft:jump":46,"minecraft:damage_dealt":39,"minecraft:leave_game":1,"minecraft:time_since_death":7044,"minecraft:walk_on_water_one_cm":5723,"minecraft:total_world_time":7044,"minecraft:swim_one_cm":22092,"minecraft:interact_with_crafting_table":3,"minecraft:fall_one_cm":1558,"minecraft:fly_one_cm":4229},"minecraft:crafted":{"minecraft:birch_planks":16,"minecraft:stone_axe":1,"minecraft:crafting_table":1,"minecraft:stick":4,"minecraft:wooden_pickaxe":1},"minecraft:picked_up":{"minecraft:birch_log":11,"minecraft:stick":1,"minecraft:salmon":1,"minecraft:dirt":1,"minecraft:cobblestone":3},"minecraft:killed":{"minecraft:salmon":1}},"DataVersion":3953}