{"stats":{"minecraft:picked_up":{"minecraft:birch_log":20,"chococraft:loverly_gysahl_green":2,"minecraft:crafting_table":6,"minecraft:andesite":6,"mythicmetals:raw_banglum":6,"minecraft:leather":4,"minecraft:birch_planks":8,"minecraft:oak_log":2,"minecraft:yellow_bed":5,"minecraft:string":2,"mythicmetals:raw_platinum":9,"minecraft:dirt":4,"chococraft:gysahl_green":22,"minecraft:acacia_planks":1,"chococraft:gold_gysahl":3,"minecraft:wheat_seeds":3,"minecraft:beef":10,"minecraft:stone_pickaxe":1,"mythicmetals:raw_silver":14,"minecraft:furnace":1,"minecraft:stick":9,"minecraft:raw_iron":19,"minecraft:torch":19,"minecraft:acacia_log":1,"chococraft:gysahl_green_seeds":32,"mythicmetals:raw_quadrillum":4,"mythicmetals:raw_tin":11,"minecraft:skeleton_spawn_egg":1,"minecraft:arrow":3,"minecraft:rotten_flesh":10,"minecraft:cow_spawn_egg":1,"minecraft:hay_block":24,"minecraft:crossbow":1,"minecraft:coal":38,"minecraft:cobblestone":47},"minecraft:mined":{"minecraft:acacia_leaves":1,"mythicmetals:platinum_ore":5,"minecraft:crafting_table":4,"minecraft:torch":1,"minecraft:acacia_log":1,"mythicmetals:silver_ore":8,"minecraft:grass_block":2,"minecraft:wall_torch":3,"minecraft:hay_block":10,"mythicmetals:quadrillum_ore":2,"minecraft:furnace":1,"minecraft:birch_log":11,"minecraft:iron_ore":19,"minecraft:andesite":6,"mythicmetals:tin_ore":7,"minecraft:yellow_bed":4,"minecraft:grass":3,"chococraft:gysahl_green":9,"minecraft:coal_ore":31,"minecraft:oak_log":2,"minecraft:dirt":1,"minecraft:acacia_planks":1,"minecraft:stone":48,"mythicmetals:banglum_ore":5},"minecraft:crafted":{"minecraft:wooden_sword":2,"minecraft:oak_planks":8,"minecraft:crafting_table":4,"minecraft:wooden_pickaxe":1,"minecraft:iron_helmet":1,"minecraft:furnace":2,"minecraft:birch_planks":44,"minecraft:stone_axe":1,"minecraft:bread":12,"minecraft:air":0,"minecraft:iron_boots":1,"minecraft:shield":1,"minecraft:stick":24,"minecraft:iron_ingot":19,"minecraft:iron_pickaxe":1,"minecraft:stone_pickaxe":2,"minecraft:wooden_axe":1,"minecraft:stone_sword":1,"minecraft:acacia_planks":4,"minecraft:torch":16,"mythicmetals:tin_ingot":10,"minecraft:wheat":36},"minecraft:custom":{"minecraft:interact_with_furnace":16,"minecraft:mob_kills":23,"minecraft:interact_with_crafting_table":27,"minecraft:time_since_death":21298,"minecraft:sleep_in_bed":4,"minecraft:climb_one_cm":2074,"minecraft:time_since_rest":11500,"minecraft:sprint_one_cm":60787,"minecraft:damage_taken":2746,"minecraft:walk_one_cm":130388,"minecraft:damage_blocked_by_shield":360,"minecraft:drop":26,"minecraft:damage_dealt":4336,"minecraft:fly_one_cm":127260,"minecraft:open_chest":8,"minecraft:crouch_one_cm":667,"minecraft:play_time":48097,"minecraft:deaths":7,"minecraft:sneak_time":454,"minecraft:jump":667,"minecraft:walk_on_water_one_cm":8548,"minecraft:total_world_time":48097,"minecraft:interact_with_smoker":1,"minecraft:fall_one_cm":23335},"minecraft:dropped":{"minecraft:wheat_seeds":3,"mythicmetals:raw_tin":1,"chococraft:gold_gysahl":1,"mythicmetals:raw_silver":14,"minecraft:rotten_flesh":5,"minecraft:oak_planks":2,"chococraft:gysahl_green_seeds":16,"minecraft:stick":1,"minecraft:dirt":2,"mythicmetals:raw_platinum":9,"minecraft:wooden_axe":1,"minecraft:andesite":3,"minecraft:wooden_sword":1,"mythicmetals:tin_ingot":10,"minecraft:arrow":1,"minecraft:wooden_pickaxe":1,"minecraft:stone_pickaxe":1,"minecraft:string":1},"minecraft:used":{"minecraft:stone_sword":21,"minecraft:cow_spawn_egg":1,"minecraft:stone_pickaxe":145,"minecraft:shield":16,"minecraft:wooden_pickaxe":6,"minecraft:torch":17,"minecraft:dirt":1,"minecraft:crafting_table":7,"minecraft:wooden_axe":13,"minecraft:bread":14,"minecraft:iron_pickaxe":116,"minecraft:stone_axe":6,"minecraft:wooden_sword":94,"minecraft:cobblestone":11,"minecraft:furnace":3,"minecraft:andesite":3,"minecraft:yellow_bed":4,"minecraft:acacia_planks":1},"minecraft:killed_by":{"minecraft:vindicator":1,"minecraft:skeleton":3,"minecraft:creeper":1,"minecraft:spider":1,"minecraft:pillager":1},"minecraft:broken":{"minecraft:stone_pickaxe":1,"minecraft:wooden_sword":1},"minecraft:killed":{"minecraft:spider":2,"minecraft:skeleton":3,"minecraft:pillager":3,"minecraft:zombie":10,"minecraft:cow":5}},"DataVersion":3465}