{"stats":{"minecraft:picked_up":{"minecraft:birch_log":20,"chococraft:loverly_gysahl_green":3,"minecraft:crafting_table":7,"minecraft:andesite":12,"mythicmetals:raw_banglum":20,"minecraft:leather":8,"minecraft:birch_planks":12,"minecraft:oak_log":2,"minecraft:yellow_bed":6,"minecraft:string":4,"mythicmetals:raw_platinum":9,"minecraft:dirt":4,"immersive_melodies:lute":1,"minecraft:bone":3,"chococraft:gysahl_green":22,"minecraft:acacia_planks":1,"chococraft:gold_gysahl":4,"minecraft:wheat_seeds":3,"minecraft:beef":10,"minecraft:stone_pickaxe":1,"mythicmetals:raw_silver":14,"minecraft:furnace":3,"minecraft:stick":12,"minecraft:raw_iron":28,"minecraft:torch":23,"minecraft:acacia_log":1,"mythicmetals:banglum_ingot":6,"chococraft:gysahl_green_seeds":40,"mythicmetals:raw_quadrillum":4,"mythicmetals:raw_tin":11,"minecraft:spider_eye":2,"minecraft:skeleton_spawn_egg":1,"minecraft:arrow":12,"minecraft:rotten_flesh":11,"mythicmetals:raw_manganese":4,"minecraft:cow_spawn_egg":1,"minecraft:iron_helmet":1,"minecraft:hay_block":24,"minecraft:crossbow":1,"minecraft:coal":77,"minecraft:cobblestone":75},"minecraft:mined":{"minecraft:acacia_leaves":1,"mythicmetals:platinum_ore":5,"minecraft:crafting_table":5,"minecraft:torch":1,"minecraft:acacia_log":1,"mythicmetals:silver_ore":8,"minecraft:grass_block":2,"minecraft:wall_torch":3,"minecraft:hay_block":10,"mythicmetals:quadrillum_ore":2,"minecraft:furnace":3,"minecraft:birch_log":11,"minecraft:iron_ore":28,"mythicmetals:manganese_ore":4,"minecraft:andesite":13,"mythicmetals:tin_ore":7,"minecraft:yellow_bed":5,"minecraft:grass":3,"chococraft:gysahl_green":9,"minecraft:coal_ore":75,"minecraft:oak_log":2,"minecraft:dirt":1,"minecraft:acacia_planks":1,"minecraft:stone":69,"mythicmetals:banglum_ore":12},"minecraft:crafted":{"minecraft:wooden_sword":2,"minecraft:oak_planks":8,"minecraft:crafting_table":4,"mythicmetals:banglum_pickaxe":1,"minecraft:wooden_pickaxe":1,"minecraft:iron_helmet":1,"minecraft:furnace":4,"minecraft:birch_planks":44,"minecraft:stone_axe":1,"minecraft:bread":12,"minecraft:air":0,"minecraft:iron_chestplate":1,"minecraft:iron_boots":1,"minecraft:shield":1,"mythicmetals:banglum_ingot":14,"minecraft:stick":28,"mythicmetals:banglum_helmet":1,"minecraft:iron_ingot":28,"minecraft:iron_leggings":1,"minecraft:iron_pickaxe":1,"minecraft:stone_pickaxe":2,"minecraft:wooden_axe":1,"minecraft:stone_sword":1,"minecraft:acacia_planks":4,"minecraft:torch":20,"mythicmetals:tin_ingot":10,"minecraft:wheat":36},"minecraft:custom":{"minecraft:interact_with_furnace":30,"minecraft:mob_kills":33,"minecraft:interact_with_crafting_table":34,"minecraft:time_since_death":6287,"minecraft:sleep_in_bed":5,"minecraft:climb_one_cm":2074,"minecraft:time_since_rest":4728,"minecraft:sprint_one_cm":83124,"minecraft:damage_taken":3323,"minecraft:walk_one_cm":162637,"minecraft:damage_blocked_by_shield":1950,"minecraft:drop":35,"minecraft:damage_dealt":6074,"minecraft:fly_one_cm":157540,"minecraft:open_chest":8,"minecraft:crouch_one_cm":1124,"minecraft:play_time":60097,"minecraft:deaths":8,"minecraft:sneak_time":685,"minecraft:jump":869,"minecraft:walk_on_water_one_cm":8548,"minecraft:total_world_time":60097,"minecraft:interact_with_smoker":1,"minecraft:fall_one_cm":27885},"minecraft:dropped":{"minecraft:wheat_seeds":3,"mythicmetals:raw_tin":1,"chococraft:gold_gysahl":1,"mythicmetals:raw_silver":14,"minecraft:iron_helmet":1,"minecraft:rotten_flesh":11,"minecraft:oak_planks":2,"chococraft:gysahl_green_seeds":32,"minecraft:stick":1,"minecraft:dirt":2,"mythicmetals:raw_platinum":9,"minecraft:wooden_axe":1,"minecraft:andesite":8,"minecraft:wooden_sword":1,"mythicmetals:tin_ingot":10,"minecraft:arrow":1,"minecraft:wooden_pickaxe":1,"minecraft:stone_pickaxe":2,"minecraft:string":1,"minecraft:bone":1},"minecraft:used":{"minecraft:stone_sword":65,"minecraft:cow_spawn_egg":1,"minecraft:stone_pickaxe":153,"minecraft:shield":38,"minecraft:wooden_pickaxe":6,"minecraft:torch":22,"minecraft:dirt":1,"minecraft:crafting_table":8,"mythicmetals:banglum_pickaxe":44,"minecraft:wooden_axe":13,"minecraft:bread":22,"minecraft:iron_pickaxe":252,"minecraft:stone_axe":8,"minecraft:wooden_sword":94,"minecraft:cobblestone":17,"minecraft:furnace":5,"minecraft:andesite":4,"minecraft:yellow_bed":5,"minecraft:acacia_planks":1},"minecraft:killed_by":{"minecraft:vindicator":1,"minecraft:skeleton":4,"minecraft:creeper":1,"minecraft:spider":1,"minecraft:pillager":1},"minecraft:broken":{"minecraft:stone_pickaxe":1,"minecraft:wooden_sword":1,"minecraft:iron_pickaxe":1},"minecraft:killed":{"minecraft:spider":5,"minecraft:skeleton":7,"minecraft:pillager":3,"minecraft:zombie":12,"minecraft:cow":5}},"DataVersion":3465}