{"stats":{"minecraft:picked_up":{"minecraft:crafting_table":12,"chococraft:loverly_gysahl_green":5,"minecraft:string":4,"minecraft:moss_carpet":2,"immersive_melodies:lute":5,"minecraft:blackstone":1,"mythicmetals:raw_adamantite":4,"minecraft:beef":16,"minecraft:furnace":10,"mythicmetals:raw_orichalcum":3,"minecraft:raw_iron":71,"minecraft:stick":14,"mythicmetals:raw_carmot":7,"minecraft:big_dripleaf":1,"minecraft:torch":29,"minecraft:acacia_log":1,"mythicmetals:banglum_ingot":18,"mythicmetals:raw_tin":11,"mythicmetals:morkite":6,"minecraft:redstone":38,"mythicmetals:raw_runite":1,"minecraft:arrow":30,"minecraft:rotten_flesh":18,"mythicmetals:raw_manganese":39,"minecraft:cow_spawn_egg":1,"minecraft:hay_block":24,"minecraft:glow_berries":2,"minecraft:cobblestone":117,"minecraft:birch_log":20,"minecraft:andesite":26,"minecraft:leather":16,"mythicmetals:raw_banglum":26,"minecraft:birch_planks":20,"minecraft:oak_log":2,"minecraft:yellow_bed":7,"minecraft:gunpowder":2,"mythicmetals:raw_platinum":9,"minecraft:lapis_lazuli":48,"minecraft:dirt":4,"minecraft:bone":12,"minecraft:acacia_planks":1,"chococraft:gysahl_green":22,"chococraft:gold_gysahl":6,"minecraft:wheat_seeds":3,"minecraft:raw_gold":2,"minecraft:stone_pickaxe":1,"mythicmetals:raw_silver":14,"mythicmetals:raw_quadrillum":40,"chococraft:gysahl_green_seeds":40,"minecraft:spider_eye":2,"minecraft:skeleton_spawn_egg":1,"minecraft:diamond":3,"minecraft:iron_helmet":1,"minecraft:crossbow":1,"minecraft:coal":281},"minecraft:mined":{"minecraft:deepslate_diamond_ore":4,"mythicmetals:deepslate_morkite_ore":2,"minecraft:acacia_log":1,"minecraft:grass_block":2,"mythicmetals:silver_ore":8,"mythicmetals:deepslate_adamantite_ore":4,"mythicmetals:deepslate_orichalcum_ore":3,"minecraft:hay_block":10,"minecraft:redstone_ore":4,"mythicmetals:quadrillum_ore":11,"minecraft:furnace":6,"minecraft:iron_ore":52,"minecraft:fire":6,"minecraft:andesite":20,"mythicmetals:tin_ore":7,"minecraft:deepslate_lapis_ore":1,"chococraft:gysahl_green":9,"minecraft:cave_vines":1,"minecraft:deepslate_iron_ore":13,"mythicmetals:carmot_ore":5,"minecraft:stone":88,"minecraft:deepslate_redstone_ore":2,"minecraft:acacia_leaves":1,"mythicmetals:platinum_ore":5,"minecraft:blackstone":3,"minecraft:crafting_table":8,"minecraft:torch":2,"minecraft:cobblestone":2,"minecraft:deepslate_gold_ore":2,"minecraft:lapis_ore":8,"mythicmetals:deepslate_runite_ore":1,"minecraft:wall_torch":4,"minecraft:big_dripleaf":1,"minecraft:birch_log":11,"mythicmetals:manganese_ore":10,"minecraft:yellow_bed":6,"minecraft:grass":3,"minecraft:oak_log":2,"minecraft:coal_ore":93,"minecraft:dirt":1,"minecraft:acacia_planks":1,"mythicmetals:banglum_ore":12},"minecraft:crafted":{"minecraft:wooden_sword":2,"minecraft:oak_planks":8,"minecraft:iron_nugget":9,"mythicmetals:banglum_pickaxe":2,"minecraft:furnace":4,"minecraft:iron_boots":1,"minecraft:stone_pickaxe":2,"mythicmetals:tin_ingot":10,"minecraft:wheat":36,"minecraft:cooked_beef":4,"minecraft:crafting_table":4,"minecraft:wooden_pickaxe":1,"minecraft:iron_helmet":1,"minecraft:birch_planks":44,"minecraft:stone_axe":1,"minecraft:bread":12,"minecraft:air":0,"minecraft:iron_chestplate":1,"minecraft:diamond_pickaxe":1,"minecraft:shield":1,"mythicmetals:banglum_ingot":14,"minecraft:stick":36,"minecraft:iron_ingot":52,"mythicmetals:banglum_helmet":1,"minecraft:iron_pickaxe":1,"minecraft:wooden_axe":1,"minecraft:stone_sword":1,"minecraft:iron_leggings":1,"minecraft:acacia_planks":4,"minecraft:torch":20,"simplyswords:mythicmetals_compat/banglum/banglum_halberd":1},"minecraft:custom":{"minecraft:mob_kills":53,"minecraft:interact_with_crafting_table":39,"minecraft:time_since_death":15182,"minecraft:climb_one_cm":2280,"minecraft:sprint_one_cm":132932,"minecraft:walk_one_cm":228482,"minecraft:damage_blocked_by_shield":2160,"minecraft:drop":50,"minecraft:play_time":84097,"minecraft:sneak_time":1088,"minecraft:deaths":10,"minecraft:walk_under_water_one_cm":98,"minecraft:jump":1395,"minecraft:walk_on_water_one_cm":14085,"minecraft:total_world_time":84097,"minecraft:interact_with_furnace":48,"minecraft:sleep_in_bed":5,"minecraft:time_since_rest":15207,"minecraft:damage_taken":4319,"minecraft:damage_dealt":10137,"minecraft:fly_one_cm":253255,"minecraft:open_chest":8,"minecraft:crouch_one_cm":2161,"minecraft:interact_with_smoker":1,"minecraft:fall_one_cm":49387},"minecraft:dropped":{"chococraft:loverly_gysahl_green":1,"minecraft:wheat_seeds":3,"mythicmetals:raw_tin":1,"chococraft:gold_gysahl":2,"mythicmetals:raw_silver":14,"minecraft:iron_helmet":2,"chococraft:gysahl_green_seeds":32,"minecraft:stick":2,"minecraft:dirt":2,"mythicmetals:raw_platinum":9,"minecraft:wooden_axe":1,"minecraft:wooden_sword":1,"minecraft:string":3,"minecraft:bone":1,"minecraft:moss_carpet":1,"minecraft:blackstone":1,"minecraft:rotten_flesh":17,"minecraft:oak_planks":2,"minecraft:big_dripleaf":1,"minecraft:gunpowder":2,"minecraft:andesite":13,"mythicmetals:tin_ingot":10,"minecraft:spider_eye":2,"minecraft:arrow":1,"minecraft:stone_pickaxe":2,"minecraft:wooden_pickaxe":1},"minecraft:used":{"minecraft:moss_carpet":1,"minecraft:stone_sword":131,"minecraft:shield":44,"minecraft:torch":24,"minecraft:dirt":1,"minecraft:carrot":2,"minecraft:wooden_axe":13,"minecraft:furnace":8,"minecraft:cooked_beef":4,"minecraft:acacia_planks":1,"minecraft:cow_spawn_egg":1,"minecraft:stone_pickaxe":153,"minecraft:wooden_pickaxe":6,"minecraft:crafting_table":11,"mythicmetals:banglum_pickaxe":312,"minecraft:diamond_pickaxe":18,"minecraft:bread":23,"minecraft:iron_pickaxe":252,"simplyswords:mythicmetals_compat/banglum/banglum_halberd":15,"minecraft:stone_axe":14,"minecraft:wooden_sword":94,"minecraft:cobblestone":34,"minecraft:andesite":11,"minecraft:yellow_bed":6,"minecraft:pumpkin_pie":1},"minecraft:broken":{"minecraft:stone_sword":1,"minecraft:stone_pickaxe":1,"mythicmetals:banglum_pickaxe":1,"minecraft:shield":1,"minecraft:wooden_sword":1,"minecraft:iron_pickaxe":1},"minecraft:killed_by":{"minecraft:creeper":1,"minecraft:spider":1,"minecraft:pillager":1,"minecraft:vindicator":1,"minecraft:skeleton":4,"minecraft:zombie":1,"cave_dweller:cave_dweller":1},"minecraft:killed":{"minecraft:spider":8,"minecraft:skeleton":9,"minecraft:creeper":1,"minecraft:pillager":3,"minecraft:zombie":24,"minecraft:cow":5}},"DataVersion":3465}