{"stats":{"minecraft:picked_up":{"chococraft:loverly_gysahl_green":5,"minecraft:stone_slab":1,"minecraft:diamond_sword":2,"minecraft:enchanted_book":44,"minecraft:golden_sword":2,"minecraft:string":57,"minecraft:raw_copper":11,"minecraft:iron_leggings":2,"minecraft:experience_bottle":207,"minecraft:diamond_leggings":3,"minecraft:cobbled_deepslate":7,"bosses_of_mass_destruction:soul_star":23,"minecraft:spruce_planks":48,"minecraft:azalea":5,"minecraft:azalea_leaves":25,"minecraft:melon_slice":7,"creeperoverhaul:bamboo_creeper_spawn_egg":1,"naturalist:cooked_duck":1,"minecraft:furnace":15,"mythicmetals:raw_carmot":22,"minecraft:stick":147,"minecraft:big_dripleaf":1,"minecraft:torch":1389,"minecraft:acacia_log":515,"mythicmetals:morkite":748,"minecraft:rotten_flesh":61,"mythicmetals:raw_manganese":101,"minecraft:cow_spawn_egg":1,"minecraft:polished_basalt":53,"minecraft:iron_block":73,"minecraft:blaze_powder":18,"minecraft:cobblestone":358,"minecraft:birch_log":20,"minecraft:magma_block":3,"minecraft:feather":88,"minecraft:cooked_beef":5,"minecraft:andesite":56,"minecraft:tuff":9,"minecraft:wither_skeleton_skull":4,"mythicmetals:raw_platinum":9,"minecraft:lapis_lazuli":1008,"minecraft:dirt":70,"minecraft:bone":1364,"minecraft:acacia_planks":957,"minecraft:gray_terracotta":12,"minecraft:bow":2,"minecraft:wheat_seeds":7,"minecraft:raw_gold":36,"minecraft:diamond_helmet":1,"minecraft:bamboo":9,"mythicmetals:raw_silver":14,"minecraft:oak_planks":56,"minecraft:black_terracotta":5,"minecraft:cooked_porkchop":1,"minecraft:jungle_planks":8,"mythicmetals:raw_quadrillum":76,"minecraft:quartz_bricks":1,"minecraft:skeleton_spawn_egg":16,"minecraft:diamond":628,"minecraft:crossbow":1,"minecraft:bread":23,"minecraft:emerald":546,"minecraft:diamond_pickaxe":1,"minecraft:crafting_table":19,"minecraft:chicken":1,"minecraft:gold_block":60,"minecraft:moss_carpet":2,"immersive_melodies:lute":21,"minecraft:blackstone":573,"minecraft:blue_orchid":60,"mythicmetals:raw_adamantite":76,"simplyswords:runic_tablet":17,"minecraft:beef":16,"minecraft:player_head":2,"minecraft:iron_nugget":160,"mythicmetals:raw_mythril":44,"minecraft:chest":81,"mythicmetals:raw_orichalcum":67,"minecraft:raw_iron":119,"mythicmetals:banglum_ingot":18,"mythicmetals:raw_tin":11,"minecraft:carrot":2,"minecraft:redstone":122,"minecraft:dark_oak_planks":48,"mythicmetals:raw_runite":17,"minecraft:diamond_chestplate":1,"minecraft:arrow":1460,"minecraft:hay_block":24,"minecraft:stripped_dark_oak_wood":3,"mythicmetals:manganese_ingot":270,"mythicmetals:quadrillum_ingot":216,"minecraft:gold_ingot":869,"minecraft:glow_berries":2,"minecraft:mud_bricks":53,"minecraft:cut_sandstone":9,"mythicmetals:raw_banglum":26,"minecraft:leather":101,"minecraft:birch_planks":20,"minecraft:packed_mud":3,"minecraft:oak_log":15,"minecraft:yellow_bed":44,"minecraft:gunpowder":9,"minecraft:paper":264,"naturalist:glow_goop":3,"minecraft:cooked_mutton":10,"chococraft:gysahl_green":34,"chococraft:gold_gysahl":7,"minecraft:spruce_wood":14,"minecraft:iron_ingot":1346,"minecraft:stone_pickaxe":1,"minecraft:cooked_chicken":6,"bettermcdonaldsmod:tomato_seeds":7,"minecraft:glass_bottle":66,"minecraft:iron_sword":2,"minecraft:dark_oak_stairs":14,"minecraft:book":312,"minecraft:smooth_basalt":15,"simplyswords:mythicmetals_compat/banglum/banglum_halberd":1,"chococraft:gysahl_green_seeds":44,"minecraft:white_bed":1,"minecraft:spider_eye":5,"mythicmetals:carmot_ingot":51,"minecraft:slime_ball":74,"minecraft:iron_helmet":2,"minecraft:chainmail_leggings":2,"bettermcdonaldsmod:lettuce_seeds":12,"minecraft:coal":693,"minecraft:ender_pearl":61},"minecraft:mined":{"minecraft:dark_oak_planks":8,"minecraft:spruce_planks":3,"mythicmetals:deepslate_morkite_ore":11,"minecraft:acacia_log":24,"minecraft:grass_block":10,"mythicmetals:deepslate_adamantite_ore":4,"minecraft:frosted_ice":1,"minecraft:mud_bricks":11,"minecraft:spawner":91,"mythicmetals:deepslate_orichalcum_ore":4,"minecraft:magma_block":4,"minecraft:iron_ore":63,"minecraft:fire":7,"minecraft:deepslate_lapis_ore":1,"minecraft:dark_oak_stairs":1,"chococraft:gysahl_green":13,"minecraft:cave_vines":2,"minecraft:flowering_azalea_leaves":2,"minecraft:spruce_wood":3,"minecraft:azalea_leaves":4,"minecraft:deepslate_redstone_ore":2,"minecraft:gray_terracotta":2,"minecraft:blackstone":418,"minecraft:torch":15,"minecraft:melon":2,"minecraft:chest":44,"minecraft:cobblestone":2,"minecraft:wall_torch":4,"minecraft:birch_log":11,"mythicmetals:manganese_ore":11,"minecraft:grass":26,"minecraft:oak_log":15,"minecraft:dirt":5,"minecraft:smooth_basalt":7,"minecraft:oak_leaves":6,"minecraft:deepslate":7,"minecraft:tuff":9,"minecraft:deepslate_diamond_ore":12,"mythicmetals:silver_ore":8,"minecraft:hay_block":10,"minecraft:redstone_ore":4,"minecraft:packed_mud":3,"mythicmetals:quadrillum_ore":11,"minecraft:furnace":10,"minecraft:polished_basalt":12,"minecraft:andesite":51,"mythicmetals:tin_ore":7,"mythicmetals:deepslate_mythril_ore":2,"minecraft:bookshelf":33,"mythicmetals:carmot_ore":5,"minecraft:deepslate_iron_ore":14,"minecraft:vine":1,"minecraft:bamboo":1,"minecraft:stone":169,"minecraft:acacia_leaves":1,"mythicmetals:platinum_ore":5,"minecraft:crafting_table":11,"minecraft:stone_slab":1,"minecraft:copper_ore":2,"minecraft:lapis_ore":8,"minecraft:deepslate_gold_ore":12,"mythicmetals:deepslate_runite_ore":1,"minecraft:big_dripleaf":1,"minecraft:yellow_bed":42,"minecraft:coal_ore":115,"minecraft:acacia_planks":2,"mythicmetals:banglum_ore":12,"minecraft:fern":9},"minecraft:crafted":{"minecraft:oak_planks":60,"mythicmetals:banglum_pickaxe":2,"minecraft:iron_boots":2,"minecraft:chest":4,"mythicmetals:tin_ingot":10,"minecraft:crafting_table":6,"minecraft:wooden_pickaxe":1,"minecraft:iron_helmet":1,"minecraft:gold_block":37,"minecraft:birch_planks":44,"minecraft:iron_chestplate":2,"minecraft:diamond_pickaxe":1,"minecraft:emerald_block":22,"minecraft:shield":1,"minecraft:stick":68,"minecraft:iron_ingot":83,"minecraft:iron_pickaxe":1,"minecraft:iron_block":30,"minecraft:stone_sword":1,"minecraft:gold_ingot":11,"mythicmetals:manganese_ingot":15,"simplyswords:mythicmetals_compat/banglum/banglum_halberd":1,"minecraft:wooden_sword":2,"minecraft:iron_nugget":9,"mythicmetals:quadrillum_ingot":12,"minecraft:furnace":8,"newshieldvariants:gold_shield":1,"minecraft:diamond_block":8,"minecraft:iron_axe":1,"minecraft:stone_pickaxe":2,"simplyswords:mythicmetals_compat/carmot/carmot_longsword":1,"minecraft:wheat":36,"minecraft:cooked_beef":10,"mythicmetals:carmot_ingot":5,"minecraft:stone_axe":1,"minecraft:bread":12,"minecraft:air":0,"mythicmetals:banglum_ingot":14,"mythicmetals:banglum_helmet":1,"minecraft:wooden_axe":1,"minecraft:iron_leggings":2,"minecraft:anvil":2,"minecraft:acacia_planks":148,"minecraft:torch":172},"minecraft:custom":{"minecraft:interact_with_crafting_table":92,"minecraft:open_barrel":9,"minecraft:leave_game":3,"minecraft:time_since_death":29666,"minecraft:sprint_one_cm":833939,"minecraft:damage_blocked_by_shield":22108,"minecraft:drop":221,"minecraft:talked_to_villager":6,"minecraft:play_time":321805,"minecraft:deaths":94,"minecraft:jump":7922,"minecraft:walk_on_water_one_cm":57827,"minecraft:interact_with_furnace":89,"minecraft:sleep_in_bed":19,"minecraft:damage_dealt":46963,"minecraft:crouch_one_cm":7807,"minecraft:interact_with_smoker":1,"minecraft:mob_kills":327,"minecraft:interact_with_anvil":12,"minecraft:climb_one_cm":8943,"minecraft:walk_one_cm":824737,"minecraft:sneak_time":3029,"minecraft:walk_under_water_one_cm":6223,"minecraft:total_world_time":321805,"minecraft:time_since_rest":9817,"minecraft:damage_taken":30061,"minecraft:fly_one_cm":1742028,"minecraft:swim_one_cm":27495,"minecraft:open_chest":210,"minecraft:fall_one_cm":262973},"minecraft:used":{"minecraft:moss_carpet":1,"minecraft:polished_basalt":4,"minecraft:chest":9,"minecraft:shield":44,"minecraft:iron_sword":12,"minecraft:player_head":1,"minecraft:rotten_flesh":3,"minecraft:skeleton_spawn_egg":5,"minecraft:carrot":12,"minecraft:tuff":9,"minecraft:stripped_dark_oak_wood":3,"minecraft:packed_mud":2,"minecraft:bow":69,"minecraft:furnace":13,"minecraft:cow_spawn_egg":1,"minecraft:stone_pickaxe":153,"minecraft:blackstone":29,"minecraft:ender_pearl":5,"minecraft:wooden_pickaxe":6,"minecraft:glow_berries":4,"minecraft:crossbow":5,"minecraft:bread":30,"minecraft:diamond_sword":198,"minecraft:wooden_sword":94,"naturalist:cooked_duck":1,"minecraft:andesite":41,"chococraft:gysahl_green":34,"minecraft:experience_bottle":71,"minecraft:stone_sword":131,"minecraft:acacia_log":3,"minecraft:spruce_planks":6,"minecraft:cooked_chicken":6,"minecraft:torch":148,"minecraft:dirt":6,"minecraft:anvil":2,"minecraft:dark_oak_planks":3,"minecraft:wooden_axe":13,"minecraft:iron_axe":153,"minecraft:mud_bricks":12,"minecraft:smooth_basalt":1,"minecraft:cooked_beef":11,"minecraft:cobbled_deepslate":7,"minecraft:acacia_planks":83,"minecraft:calcite":5,"minecraft:cooked_mutton":10,"simplyswords:mythicmetals_compat/carmot/carmot_longsword":453,"creeperoverhaul:bamboo_creeper_spawn_egg":1,"minecraft:crafting_table":17,"mythicmetals:banglum_pickaxe":524,"minecraft:diamond_pickaxe":1326,"minecraft:chicken":1,"minecraft:iron_pickaxe":252,"minecraft:stone_slab":1,"simplyswords:mythicmetals_compat/banglum/banglum_halberd":124,"minecraft:stone_axe":131,"minecraft:cobblestone":92,"minecraft:azalea_leaves":8,"minecraft:cooked_porkchop":1,"minecraft:pumpkin_pie":1,"minecraft:yellow_bed":41},"minecraft:dropped":{"minecraft:iron_sword":4,"minecraft:dark_oak_stairs":1,"chococraft:loverly_gysahl_green":1,"mythicmetals:raw_tin":1,"bettermcdonaldsmod:lettuce_seeds":12,"mythicmetals:raw_silver":14,"mythicmetals:raw_mythril":2,"minecraft:crossbow":1,"mythicmetals:raw_runite":2,"minecraft:jungle_planks":8,"bettermcdonaldsmod:tomato_seeds":7,"minecraft:dirt":39,"minecraft:packed_mud":1,"mythicmetals:raw_platinum":9,"minecraft:cut_sandstone":1,"minecraft:wooden_sword":1,"minecraft:gold_ingot":9,"minecraft:bone":56,"minecraft:blackstone":427,"minecraft:iron_nugget":32,"minecraft:black_terracotta":2,"minecraft:rotten_flesh":68,"minecraft:oak_planks":2,"minecraft:blaze_powder":2,"minecraft:carrot":2,"bosses_of_mass_destruction:soul_star":1,"simplyswords:mythicmetals_compat/banglum/banglum_halberd":1,"minecraft:gunpowder":4,"minecraft:azalea_leaves":3,"minecraft:azalea":5,"minecraft:chest":4,"minecraft:arrow":119,"minecraft:enchanted_book":2,"minecraft:bread":2,"minecraft:wheat_seeds":7,"chococraft:gold_gysahl":3,"minecraft:feather":8,"minecraft:iron_helmet":2,"minecraft:cobblestone":49,"minecraft:book":3,"chococraft:gysahl_green_seeds":36,"minecraft:acacia_log":10,"minecraft:coal":33,"minecraft:stick":15,"minecraft:torch":36,"minecraft:wooden_axe":1,"minecraft:iron_leggings":4,"minecraft:polished_basalt":17,"minecraft:paper":8,"minecraft:chainmail_leggings":2,"minecraft:string":17,"minecraft:acacia_planks":5,"minecraft:smooth_basalt":6,"minecraft:moss_carpet":1,"minecraft:raw_copper":6,"minecraft:experience_bottle":10,"minecraft:wither_skeleton_skull":1,"minecraft:skeleton_spawn_egg":2,"minecraft:diamond_sword":1,"minecraft:big_dripleaf":1,"minecraft:gray_terracotta":7,"minecraft:mud_bricks":18,"minecraft:diamond_pickaxe":1,"minecraft:iron_chestplate":1,"minecraft:andesite":13,"minecraft:yellow_bed":1,"minecraft:golden_sword":2,"mythicmetals:tin_ingot":10,"minecraft:spider_eye":4,"minecraft:bamboo":9,"minecraft:slime_ball":21,"minecraft:blue_orchid":20,"minecraft:bow":2,"minecraft:stone_pickaxe":2,"minecraft:wooden_pickaxe":1,"minecraft:magma_block":3},"minecraft:broken":{"minecraft:iron_boots":3,"minecraft:iron_chestplate":2,"minecraft:iron_leggings":1,"minecraft:stone_pickaxe":1,"minecraft:wooden_sword":1,"minecraft:stone_axe":1,"minecraft:stone_sword":1,"mythicmetals:banglum_helmet":1,"mythicmetals:banglum_pickaxe":2,"minecraft:shield":1,"minecraft:iron_pickaxe":1,"minecraft:iron_helmet":2},"minecraft:killed_by":{"minecraft:wither_skeleton":2,"minecraft:creeper":2,"minecraft:pillager":1,"minecraft:vindicator":1,"minecraft:zombie":2,"minecraft:player":1,"minecraft:spider":1,"minecraft:enderman":1,"minecraft:skeleton":79,"cave_dweller:cave_dweller":3},"minecraft:killed":{"minecraft:spider":16,"creeperoverhaul:bamboo_creeper":1,"minecraft:skeleton":212,"minecraft:chicken":1,"minecraft:pig":1,"minecraft:creeper":1,"minecraft:pillager":3,"minecraft:zombie":55,"creeperoverhaul:swamp_creeper":2,"minecraft:cow":6,"minecraft:slime":1,"naturalist:duck":1,"minecraft:panda":2,"minecraft:bat":2,"minecraft:frog":1,"minecraft:wither_skeleton":4}},"DataVersion":3465}