{"stats":{"minecraft:picked_up":{"minecraft:birch_log":17,"minecraft:crafting_table":3,"chococraft:loverly_gysahl_green":1,"minecraft:birch_planks":2,"minecraft:yellow_bed":2,"minecraft:string":2,"minecraft:acacia_planks":1,"chococraft:gysahl_green":22,"chococraft:gold_gysahl":2,"minecraft:wheat_seeds":3,"minecraft:stick":9,"minecraft:acacia_log":1,"chococraft:gysahl_green_seeds":24,"mythicmetals:raw_tin":11,"minecraft:skeleton_spawn_egg":1,"minecraft:arrow":2,"minecraft:rotten_flesh":3,"minecraft:hay_block":20,"minecraft:crossbow":1,"minecraft:coal":13,"minecraft:cobblestone":17},"minecraft:mined":{"minecraft:acacia_leaves":1,"minecraft:crafting_table":2,"minecraft:acacia_log":1,"minecraft:hay_block":10,"minecraft:birch_log":11,"mythicmetals:tin_ore":7,"minecraft:yellow_bed":2,"minecraft:grass":3,"chococraft:gysahl_green":9,"minecraft:coal_ore":13,"minecraft:acacia_planks":1,"minecraft:stone":18},"minecraft:crafted":{"minecraft:wooden_sword":2,"minecraft:crafting_table":2,"minecraft:wooden_pickaxe":1,"minecraft:furnace":1,"minecraft:birch_planks":32,"minecraft:air":0,"minecraft:stick":16,"minecraft:stone_pickaxe":1,"minecraft:wooden_axe":1,"minecraft:acacia_planks":4,"minecraft:torch":16,"mythicmetals:tin_ingot":10},"minecraft:custom":{"minecraft:interact_with_furnace":4,"minecraft:mob_kills":10,"minecraft:interact_with_crafting_table":11,"minecraft:time_since_death":8696,"minecraft:sleep_in_bed":3,"minecraft:climb_one_cm":1394,"minecraft:time_since_rest":8736,"minecraft:sprint_one_cm":34686,"minecraft:damage_taken":1840,"minecraft:walk_one_cm":75387,"minecraft:drop":16,"minecraft:damage_dealt":2430,"minecraft:fly_one_cm":54433,"minecraft:open_chest":8,"minecraft:play_time":26194,"minecraft:deaths":6,"minecraft:sneak_time":33,"minecraft:jump":259,"minecraft:walk_on_water_one_cm":5452,"minecraft:interact_with_smoker":1,"minecraft:total_world_time":26194,"minecraft:fall_one_cm":9070},"minecraft:used":{"minecraft:stone_pickaxe":70,"minecraft:wooden_pickaxe":6,"minecraft:torch":1,"minecraft:crafting_table":3,"minecraft:wooden_axe":13,"minecraft:bread":2,"minecraft:wooden_sword":66,"minecraft:furnace":1,"minecraft:yellow_bed":1,"minecraft:acacia_planks":1},"minecraft:dropped":{"minecraft:wheat_seeds":3,"mythicmetals:raw_tin":1,"chococraft:gold_gysahl":1,"minecraft:rotten_flesh":3,"chococraft:gysahl_green_seeds":16,"minecraft:stick":1,"minecraft:wooden_axe":1,"mythicmetals:tin_ingot":10,"minecraft:arrow":1,"minecraft:wooden_pickaxe":1,"minecraft:string":1},"minecraft:broken":{"minecraft:wooden_sword":1},"minecraft:killed_by":{"minecraft:vindicator":1,"minecraft:skeleton":3,"minecraft:creeper":1,"minecraft:spider":1},"minecraft:killed":{"minecraft:spider":2,"minecraft:skeleton":2,"minecraft:pillager":2,"minecraft:zombie":4}},"DataVersion":3465}