{"stats":{"minecraft:picked_up":{"minecraft:birch_log":6,"minecraft:stick":6,"minecraft:acacia_log":1,"minecraft:birch_planks":2,"minecraft:yellow_bed":1,"minecraft:string":1,"minecraft:skeleton_spawn_egg":1,"minecraft:rotten_flesh":1,"minecraft:acacia_planks":1,"minecraft:hay_block":16,"minecraft:crossbow":1},"minecraft:mined":{"minecraft:hay_block":10,"minecraft:acacia_leaves":1,"minecraft:birch_log":5,"minecraft:yellow_bed":1,"minecraft:grass":2,"minecraft:acacia_log":1,"minecraft:acacia_planks":1},"minecraft:crafted":{"minecraft:wooden_sword":2,"minecraft:crafting_table":2,"minecraft:stick":8,"minecraft:acacia_planks":4,"minecraft:birch_planks":20},"minecraft:custom":{"minecraft:time_since_rest":1123,"minecraft:sprint_one_cm":18238,"minecraft:damage_taken":1445,"minecraft:walk_one_cm":44997,"minecraft:mob_kills":8,"minecraft:drop":2,"minecraft:damage_dealt":1992,"minecraft:interact_with_crafting_table":3,"minecraft:fly_one_cm":27916,"minecraft:open_chest":8,"minecraft:play_time":14194,"minecraft:deaths":5,"minecraft:sneak_time":13,"minecraft:jump":141,"minecraft:walk_on_water_one_cm":5056,"minecraft:time_since_death":1799,"minecraft:sleep_in_bed":3,"minecraft:climb_one_cm":1394,"minecraft:total_world_time":14194,"minecraft:interact_with_smoker":1,"minecraft:fall_one_cm":5693},"minecraft:dropped":{"minecraft:rotten_flesh":1,"minecraft:string":1},"minecraft:used":{"minecraft:bread":1,"minecraft:wooden_sword":55,"minecraft:crafting_table":2,"minecraft:yellow_bed":1,"minecraft:acacia_planks":1},"minecraft:broken":{"minecraft:wooden_sword":1},"minecraft:killed_by":{"minecraft:vindicator":1,"minecraft:skeleton":3,"minecraft:spider":1},"minecraft:killed":{"minecraft:skeleton":2,"minecraft:pillager":1,"minecraft:zombie":3,"minecraft:spider":2}},"DataVersion":3465}