{"stats":{"minecraft:picked_up":{"minecraft:birch_log":20,"chococraft:loverly_gysahl_green":5,"minecraft:crafting_table":10,"minecraft:andesite":26,"mythicmetals:raw_banglum":26,"minecraft:leather":16,"minecraft:birch_planks":20,"minecraft:oak_log":2,"minecraft:yellow_bed":7,"minecraft:string":4,"mythicmetals:raw_platinum":9,"minecraft:dirt":4,"immersive_melodies:lute":5,"minecraft:bone":9,"chococraft:gysahl_green":22,"minecraft:acacia_planks":1,"chococraft:gold_gysahl":6,"minecraft:wheat_seeds":3,"minecraft:beef":16,"minecraft:stone_pickaxe":1,"mythicmetals:raw_silver":14,"minecraft:furnace":8,"mythicmetals:raw_carmot":5,"minecraft:stick":13,"minecraft:raw_iron":56,"minecraft:torch":29,"minecraft:acacia_log":1,"mythicmetals:banglum_ingot":18,"chococraft:gysahl_green_seeds":40,"mythicmetals:raw_quadrillum":40,"mythicmetals:raw_tin":11,"minecraft:redstone":38,"minecraft:spider_eye":2,"minecraft:skeleton_spawn_egg":1,"minecraft:arrow":26,"minecraft:rotten_flesh":16,"mythicmetals:raw_manganese":39,"minecraft:cow_spawn_egg":1,"minecraft:iron_helmet":1,"minecraft:hay_block":24,"minecraft:crossbow":1,"minecraft:glow_berries":2,"minecraft:coal":233,"minecraft:cobblestone":112},"minecraft:mined":{"minecraft:deepslate_redstone_ore":2,"minecraft:acacia_leaves":1,"mythicmetals:platinum_ore":5,"minecraft:crafting_table":6,"minecraft:torch":2,"minecraft:acacia_log":1,"mythicmetals:silver_ore":8,"minecraft:grass_block":2,"minecraft:cobblestone":2,"minecraft:wall_torch":4,"minecraft:hay_block":10,"minecraft:redstone_ore":4,"mythicmetals:quadrillum_ore":11,"minecraft:furnace":4,"minecraft:birch_log":11,"minecraft:iron_ore":47,"mythicmetals:manganese_ore":10,"minecraft:andesite":20,"mythicmetals:tin_ore":7,"minecraft:deepslate_iron_ore":2,"minecraft:yellow_bed":6,"minecraft:grass":3,"chococraft:gysahl_green":9,"minecraft:coal_ore":93,"minecraft:oak_log":2,"mythicmetals:carmot_ore":3,"minecraft:dirt":1,"minecraft:acacia_planks":1,"minecraft:stone":83,"mythicmetals:banglum_ore":12},"minecraft:crafted":{"minecraft:cooked_beef":4,"minecraft:wooden_sword":2,"minecraft:oak_planks":8,"minecraft:crafting_table":4,"mythicmetals:banglum_pickaxe":1,"minecraft:wooden_pickaxe":1,"minecraft:iron_helmet":1,"minecraft:furnace":4,"minecraft:birch_planks":44,"minecraft:stone_axe":1,"minecraft:bread":12,"minecraft:air":0,"minecraft:iron_chestplate":1,"minecraft:iron_boots":1,"minecraft:shield":1,"mythicmetals:banglum_ingot":14,"minecraft:stick":28,"mythicmetals:banglum_helmet":1,"minecraft:iron_ingot":28,"minecraft:iron_leggings":1,"minecraft:iron_pickaxe":1,"minecraft:stone_pickaxe":2,"minecraft:wooden_axe":1,"minecraft:stone_sword":1,"minecraft:acacia_planks":4,"minecraft:torch":20,"mythicmetals:tin_ingot":10,"minecraft:wheat":36},"minecraft:custom":{"minecraft:interact_with_furnace":36,"minecraft:mob_kills":45,"minecraft:interact_with_crafting_table":35,"minecraft:time_since_death":3182,"minecraft:sleep_in_bed":5,"minecraft:climb_one_cm":2280,"minecraft:time_since_rest":3207,"minecraft:sprint_one_cm":104698,"minecraft:damage_taken":4125,"minecraft:walk_one_cm":199300,"minecraft:damage_blocked_by_shield":2160,"minecraft:drop":41,"minecraft:damage_dealt":8645,"minecraft:fly_one_cm":194071,"minecraft:open_chest":8,"minecraft:crouch_one_cm":1989,"minecraft:play_time":72097,"minecraft:deaths":10,"minecraft:sneak_time":1024,"minecraft:jump":1097,"minecraft:walk_on_water_one_cm":9982,"minecraft:total_world_time":72097,"minecraft:interact_with_smoker":1,"minecraft:fall_one_cm":38196},"minecraft:dropped":{"minecraft:wheat_seeds":3,"mythicmetals:raw_tin":1,"chococraft:gold_gysahl":1,"mythicmetals:raw_silver":14,"minecraft:iron_helmet":2,"minecraft:rotten_flesh":11,"minecraft:oak_planks":2,"chococraft:gysahl_green_seeds":32,"minecraft:stick":2,"minecraft:dirt":2,"mythicmetals:raw_platinum":9,"minecraft:wooden_axe":1,"minecraft:andesite":13,"minecraft:wooden_sword":1,"mythicmetals:tin_ingot":10,"minecraft:arrow":1,"minecraft:wooden_pickaxe":1,"minecraft:stone_pickaxe":2,"minecraft:string":3,"minecraft:bone":1},"minecraft:used":{"minecraft:stone_sword":123,"minecraft:cow_spawn_egg":1,"minecraft:stone_pickaxe":153,"minecraft:shield":44,"minecraft:wooden_pickaxe":6,"minecraft:torch":24,"minecraft:dirt":1,"minecraft:crafting_table":9,"mythicmetals:banglum_pickaxe":220,"minecraft:wooden_axe":13,"minecraft:bread":23,"minecraft:iron_pickaxe":252,"minecraft:stone_axe":10,"minecraft:wooden_sword":94,"minecraft:cobblestone":19,"minecraft:furnace":6,"minecraft:andesite":8,"minecraft:pumpkin_pie":1,"minecraft:yellow_bed":6,"minecraft:cooked_beef":3,"minecraft:acacia_planks":1},"minecraft:killed_by":{"minecraft:vindicator":1,"minecraft:skeleton":4,"minecraft:creeper":1,"minecraft:spider":1,"minecraft:zombie":1,"minecraft:pillager":1,"cave_dweller:cave_dweller":1},"minecraft:broken":{"minecraft:stone_pickaxe":1,"minecraft:shield":1,"minecraft:wooden_sword":1,"minecraft:iron_pickaxe":1},"minecraft:killed":{"minecraft:spider":6,"minecraft:skeleton":7,"minecraft:pillager":3,"minecraft:zombie":21,"minecraft:cow":5}},"DataVersion":3465}