{"stats":{"minecraft:picked_up":{"minecraft:crafting_table":14,"chococraft:loverly_gysahl_green":5,"minecraft:string":4,"minecraft:moss_carpet":2,"immersive_melodies:lute":9,"minecraft:blackstone":294,"mythicmetals:raw_adamantite":12,"minecraft:beef":16,"minecraft:iron_nugget":16,"mythicmetals:raw_mythril":4,"minecraft:furnace":10,"mythicmetals:raw_orichalcum":11,"minecraft:raw_iron":96,"minecraft:stick":18,"mythicmetals:raw_carmot":17,"minecraft:big_dripleaf":1,"minecraft:torch":33,"minecraft:acacia_log":1,"mythicmetals:banglum_ingot":18,"mythicmetals:raw_tin":11,"mythicmetals:morkite":105,"minecraft:redstone":94,"mythicmetals:raw_runite":3,"minecraft:arrow":62,"minecraft:rotten_flesh":19,"mythicmetals:raw_manganese":65,"minecraft:cow_spawn_egg":1,"minecraft:hay_block":24,"minecraft:glow_berries":2,"minecraft:cobblestone":133,"minecraft:birch_log":20,"minecraft:magma_block":3,"minecraft:andesite":26,"minecraft:leather":24,"mythicmetals:raw_banglum":26,"minecraft:birch_planks":20,"minecraft:oak_log":2,"minecraft:yellow_bed":8,"minecraft:gunpowder":4,"mythicmetals:raw_platinum":9,"minecraft:lapis_lazuli":144,"minecraft:dirt":4,"minecraft:bone":35,"minecraft:acacia_planks":1,"chococraft:gysahl_green":22,"chococraft:gold_gysahl":6,"minecraft:wheat_seeds":3,"minecraft:raw_gold":23,"minecraft:stone_pickaxe":1,"mythicmetals:raw_silver":14,"minecraft:smooth_basalt":11,"mythicmetals:raw_quadrillum":64,"chococraft:gysahl_green_seeds":40,"minecraft:spider_eye":2,"minecraft:skeleton_spawn_egg":1,"minecraft:diamond":10,"minecraft:iron_helmet":1,"minecraft:crossbow":1,"minecraft:coal":377},"minecraft:mined":{"minecraft:deepslate_diamond_ore":11,"mythicmetals:deepslate_morkite_ore":11,"minecraft:acacia_log":1,"minecraft:grass_block":2,"mythicmetals:silver_ore":8,"mythicmetals:deepslate_adamantite_ore":4,"mythicmetals:deepslate_orichalcum_ore":4,"minecraft:hay_block":10,"minecraft:magma_block":4,"minecraft:redstone_ore":4,"mythicmetals:quadrillum_ore":11,"minecraft:furnace":6,"minecraft:iron_ore":52,"minecraft:fire":7,"minecraft:andesite":20,"mythicmetals:tin_ore":7,"mythicmetals:deepslate_mythril_ore":2,"minecraft:deepslate_lapis_ore":1,"chococraft:gysahl_green":9,"minecraft:cave_vines":1,"minecraft:deepslate_iron_ore":14,"mythicmetals:carmot_ore":5,"minecraft:stone":88,"minecraft:deepslate_redstone_ore":2,"minecraft:acacia_leaves":1,"mythicmetals:platinum_ore":5,"minecraft:blackstone":234,"minecraft:crafting_table":8,"minecraft:torch":2,"minecraft:cobblestone":2,"minecraft:deepslate_gold_ore":11,"minecraft:lapis_ore":8,"mythicmetals:deepslate_runite_ore":1,"minecraft:wall_torch":4,"minecraft:big_dripleaf":1,"minecraft:birch_log":11,"mythicmetals:manganese_ore":10,"minecraft:yellow_bed":7,"minecraft:grass":3,"minecraft:oak_log":2,"minecraft:coal_ore":93,"minecraft:dirt":1,"minecraft:smooth_basalt":7,"minecraft:acacia_planks":1,"mythicmetals:banglum_ore":12},"minecraft:crafted":{"minecraft:wooden_sword":2,"minecraft:oak_planks":8,"minecraft:iron_nugget":9,"mythicmetals:banglum_pickaxe":2,"minecraft:furnace":4,"minecraft:iron_boots":1,"minecraft:stone_pickaxe":2,"mythicmetals:tin_ingot":10,"minecraft:wheat":36,"minecraft:cooked_beef":4,"minecraft:crafting_table":4,"minecraft:wooden_pickaxe":1,"minecraft:iron_helmet":1,"minecraft:birch_planks":44,"minecraft:stone_axe":1,"minecraft:bread":12,"minecraft:air":0,"minecraft:iron_chestplate":1,"minecraft:diamond_pickaxe":1,"minecraft:shield":1,"mythicmetals:banglum_ingot":14,"minecraft:stick":36,"minecraft:iron_ingot":52,"mythicmetals:banglum_helmet":1,"minecraft:iron_pickaxe":1,"minecraft:wooden_axe":1,"minecraft:stone_sword":1,"minecraft:iron_leggings":1,"minecraft:acacia_planks":4,"minecraft:torch":20,"simplyswords:mythicmetals_compat/banglum/banglum_halberd":1},"minecraft:custom":{"minecraft:mob_kills":65,"minecraft:interact_with_crafting_table":39,"minecraft:time_since_death":4394,"minecraft:climb_one_cm":2280,"minecraft:sprint_one_cm":152783,"minecraft:walk_one_cm":261167,"minecraft:damage_blocked_by_shield":2160,"minecraft:drop":59,"minecraft:play_time":96097,"minecraft:sneak_time":1270,"minecraft:deaths":12,"minecraft:walk_under_water_one_cm":98,"minecraft:jump":1642,"minecraft:walk_on_water_one_cm":14085,"minecraft:total_world_time":96097,"minecraft:interact_with_furnace":48,"minecraft:sleep_in_bed":5,"minecraft:time_since_rest":4433,"minecraft:damage_taken":5340,"minecraft:damage_dealt":12497,"minecraft:fly_one_cm":291195,"minecraft:open_chest":8,"minecraft:crouch_one_cm":2565,"minecraft:interact_with_smoker":1,"minecraft:fall_one_cm":62417},"minecraft:dropped":{"chococraft:loverly_gysahl_green":1,"minecraft:wheat_seeds":3,"mythicmetals:raw_tin":1,"chococraft:gold_gysahl":2,"mythicmetals:raw_silver":14,"minecraft:iron_helmet":2,"chococraft:gysahl_green_seeds":32,"minecraft:stick":2,"minecraft:dirt":2,"mythicmetals:raw_platinum":9,"minecraft:wooden_axe":1,"minecraft:wooden_sword":1,"minecraft:string":3,"minecraft:smooth_basalt":2,"minecraft:bone":1,"minecraft:moss_carpet":1,"minecraft:blackstone":162,"minecraft:rotten_flesh":18,"minecraft:oak_planks":2,"minecraft:big_dripleaf":1,"minecraft:gunpowder":3,"minecraft:andesite":13,"mythicmetals:tin_ingot":10,"minecraft:spider_eye":2,"minecraft:arrow":1,"minecraft:stone_pickaxe":2,"minecraft:wooden_pickaxe":1,"minecraft:magma_block":3},"minecraft:used":{"minecraft:moss_carpet":1,"minecraft:stone_sword":131,"minecraft:shield":44,"minecraft:torch":24,"minecraft:dirt":1,"minecraft:carrot":12,"minecraft:wooden_axe":13,"minecraft:smooth_basalt":1,"minecraft:furnace":8,"minecraft:cooked_beef":4,"minecraft:acacia_planks":1,"minecraft:cow_spawn_egg":1,"minecraft:stone_pickaxe":153,"minecraft:blackstone":18,"minecraft:wooden_pickaxe":6,"minecraft:crafting_table":11,"mythicmetals:banglum_pickaxe":524,"minecraft:diamond_pickaxe":348,"minecraft:bread":23,"minecraft:iron_pickaxe":252,"simplyswords:mythicmetals_compat/banglum/banglum_halberd":46,"minecraft:stone_axe":14,"minecraft:wooden_sword":94,"minecraft:cobblestone":40,"minecraft:andesite":11,"minecraft:yellow_bed":7,"minecraft:pumpkin_pie":1},"minecraft:broken":{"minecraft:stone_sword":1,"minecraft:stone_pickaxe":1,"mythicmetals:banglum_pickaxe":2,"minecraft:shield":1,"minecraft:wooden_sword":1,"minecraft:iron_pickaxe":1},"minecraft:killed_by":{"minecraft:creeper":2,"minecraft:spider":1,"minecraft:pillager":1,"minecraft:vindicator":1,"minecraft:skeleton":4,"minecraft:zombie":1,"cave_dweller:cave_dweller":2},"minecraft:killed":{"minecraft:spider":8,"minecraft:skeleton":18,"minecraft:bat":2,"minecraft:creeper":1,"minecraft:pillager":3,"minecraft:zombie":25,"minecraft:cow":5}},"DataVersion":3465}