{"stats":{"minecraft:picked_up":{"minecraft:charcoal":2,"chococraft:loverly_gysahl_green":1,"minecraft:jungle_log":5,"minecraft:packed_mud":3,"minecraft:oak_log":6,"another_furniture:jungle_flower_box":5,"minecraft:dirt":2,"minecraft:moss_carpet":3,"minecraft:iron_axe":1,"chococraft:gysahl_green":22,"minecraft:apple":1,"minecraft:wheat_seeds":3,"minecraft:iron_pickaxe":1,"bettermcdonaldsmod:tomato_seeds":5,"minecraft:jungle_sapling":2,"minecraft:poppy":4,"minecraft:bamboo":108,"minecraft:melon_slice":4,"minecraft:sugar_cane":6,"minecraft:oak_planks":8,"minecraft:stick":9,"minecraft:cooked_porkchop":7,"minecraft:pumpkin":2,"minecraft:dandelion":2,"minecraft:acacia_log":1,"minecraft:jungle_planks":1,"chococraft:gysahl_green_seeds":8,"minecraft:lily_of_the_valley":6,"minecraft:zombie_spawn_egg":1,"minecraft:rotten_flesh":4,"minecraft:decorated_pot":1,"minecraft:jungle_stairs":3,"bettermcdonaldsmod:lettuce_seeds":5,"minecraft:baked_potato":3,"minecraft:oak_sapling":2,"minecraft:mutton":2,"minecraft:white_wool":1,"minecraft:cobblestone":15},"minecraft:mined":{"minecraft:acacia_leaves":2,"minecraft:oak_sapling":1,"minecraft:lily_of_the_valley":4,"minecraft:dandelion":2,"minecraft:jungle_stairs":3,"minecraft:acacia_log":1,"minecraft:grass_block":2,"minecraft:poppy":4,"minecraft:decorated_pot":1,"minecraft:melon":1,"minecraft:jungle_planks":1,"minecraft:jungle_log":5,"minecraft:dead_bush":3,"minecraft:campfire":1,"minecraft:tall_grass":9,"minecraft:oak_planks":8,"minecraft:sugar_cane":2,"minecraft:packed_mud":3,"another_furniture:jungle_flower_box":4,"minecraft:moss_carpet":2,"minecraft:pumpkin":2,"minecraft:grass":30,"chococraft:gysahl_green":9,"minecraft:oak_log":6,"minecraft:vine":4,"minecraft:bamboo_sapling":1,"minecraft:bamboo":10,"minecraft:stone":16,"minecraft:oak_leaves":24,"minecraft:fern":5},"minecraft:crafted":{"minecraft:oak_planks":24,"minecraft:wooden_pickaxe":1,"another_furniture:jungle_flower_box":6,"minecraft:stone":8,"minecraft:jungle_slab":12,"minecraft:jungle_planks":80,"minecraft:iron_axe":1,"minecraft:wooden_axe":1,"minecraft:stone_sword":1,"minecraft:jungle_stairs":8},"minecraft:custom":{"minecraft:interact_with_furnace":6,"minecraft:mob_kills":2,"minecraft:interact_with_crafting_table":43,"minecraft:bell_ring":20,"minecraft:leave_game":1,"minecraft:time_since_death":50119,"minecraft:sleep_in_bed":3,"minecraft:climb_one_cm":7973,"minecraft:time_since_rest":4474,"minecraft:sprint_one_cm":88096,"minecraft:damage_taken":583,"minecraft:walk_one_cm":206996,"minecraft:drop":5,"minecraft:damage_dealt":275,"minecraft:swim_one_cm":2930,"minecraft:talked_to_villager":4,"minecraft:fly_one_cm":19520,"minecraft:open_chest":54,"minecraft:crouch_one_cm":3450,"minecraft:play_time":50119,"minecraft:sneak_time":1029,"minecraft:walk_under_water_one_cm":1824,"minecraft:jump":337,"minecraft:walk_on_water_one_cm":11567,"minecraft:total_world_time":50119,"minecraft:fall_one_cm":3978},"minecraft:dropped":{"minecraft:zombie_spawn_egg":1,"another_furniture:jungle_flower_box":1,"minecraft:rotten_flesh":2,"minecraft:bamboo":27},"minecraft:used":{"minecraft:wheat_seeds":2,"minecraft:moss_carpet":3,"minecraft:baked_potato":3,"minecraft:wooden_pickaxe":79,"another_furniture:jungle_flower_box":4,"bettermcdonaldsmod:lettuce_seeds":5,"minecraft:wooden_axe":2,"chococraft:gysahl_green_seeds":5,"minecraft:iron_axe":32,"minecraft:iron_pickaxe":17,"minecraft:packed_mud":3,"minecraft:jungle_stairs":6,"minecraft:bamboo":5,"minecraft:oak_sapling":2,"minecraft:cooked_porkchop":4},"minecraft:broken":{"minecraft:wooden_pickaxe":1},"minecraft:killed":{"minecraft:sheep":1,"minecraft:zombie":1}},"DataVersion":3465}