{"stats":{"minecraft:picked_up":{"minecraft:charcoal":2,"minecraft:crafting_table":8,"minecraft:wheat":25,"minecraft:clay_ball":16,"minecraft:stone_slab":1,"minecraft:stone_brick_stairs":1,"minecraft:brewing_stand":2,"minecraft:spider_spawn_egg":1,"minecraft:moss_carpet":2,"minecraft:string":29,"minecraft:iron_axe":1,"minecraft:cobbled_deepslate":7,"minecraft:beef":17,"minecraft:iron_nugget":3,"minecraft:spruce_trapdoor":3,"minecraft:mangrove_log":7,"minecraft:furnace":2,"minecraft:raw_iron":56,"minecraft:stick":9,"minecraft:big_dripleaf":2,"minecraft:torch":2,"minecraft:spruce_stairs":2,"mythicmetals:raw_tin":8,"mythicmetals:morkite":27,"minecraft:zombie_spawn_egg":1,"minecraft:light_gray_bed":1,"minecraft:arrow":6,"minecraft:rotten_flesh":11,"minecraft:tropical_fish":3,"minecraft:cow_spawn_egg":1,"minecraft:hay_block":29,"minecraft:glow_berries":10,"minecraft:mutton":10,"minecraft:cobblestone":56,"minecraft:white_wool":6,"minecraft:birch_log":7,"minecraft:jungle_log":11,"minecraft:leather":5,"minecraft:smoker":2,"minecraft:yellow_bed":2,"mythicmetals:raw_platinum":2,"naturalist:bass":1,"minecraft:bone":2,"minecraft:acacia_planks":2,"minecraft:apple":1,"minecraft:stone_bricks":1,"minecraft:wheat_seeds":2,"minecraft:iron_ingot":3,"bettermcdonaldsmod:tomato_seeds":4,"minecraft:bamboo":110,"minecraft:mangrove_planks":20,"minecraft:moss_block":18,"mythicmetals:raw_silver":8,"minecraft:acacia_sapling":1,"minecraft:flowering_azalea":3,"minecraft:book":9,"minecraft:amethyst_shard":2,"minecraft:stripped_spruce_log":4,"minecraft:mossy_stone_brick_slab":2,"minecraft:barrel":4,"minecraft:spider_eye":2,"minecraft:mossy_cobblestone":2,"minecraft:skeleton_spawn_egg":1,"bettermcdonaldsmod:lettuce_seeds":1,"minecraft:gray_wool":1,"minecraft:emerald":6,"minecraft:coal":23,"minecraft:black_wool":1},"minecraft:mined":{"minecraft:mossy_cobblestone":2,"minecraft:mossy_stone_brick_slab":2,"minecraft:brewing_stand":1,"mythicmetals:deepslate_morkite_ore":8,"minecraft:cave_vines_plant":2,"minecraft:spruce_trapdoor":3,"mythicmetals:silver_ore":2,"minecraft:jungle_log":12,"minecraft:light_gray_bed":1,"minecraft:moss_block":7,"minecraft:spawner":1,"minecraft:hay_block":23,"minecraft:furnace":1,"minecraft:iron_ore":27,"minecraft:barrel":2,"mythicmetals:tin_ore":2,"minecraft:stripped_spruce_log":4,"minecraft:bookshelf":3,"minecraft:vine":2,"minecraft:cave_vines":4,"minecraft:deepslate_iron_ore":7,"minecraft:bamboo":13,"minecraft:azalea":1,"minecraft:stone":48,"mythicmetals:platinum_ore":1,"minecraft:flowering_azalea":2,"minecraft:smoker":1,"minecraft:crafting_table":6,"minecraft:stone_slab":1,"minecraft:cobblestone":6,"minecraft:spruce_stairs":2,"minecraft:birch_log":1,"minecraft:yellow_bed":1,"minecraft:stone_brick_stairs":1,"minecraft:grass":5,"minecraft:coal_ore":11,"minecraft:cobweb":6,"minecraft:mangrove_log":7,"minecraft:stone_bricks":1,"minecraft:oak_leaves":2,"minecraft:deepslate":4},"minecraft:crafted":{"minecraft:furnace":1,"minecraft:iron_boots":1,"minecraft:iron_axe":1,"minecraft:stone_pickaxe":1,"minecraft:wheat":234,"minecraft:cooked_beef":17,"minecraft:crafting_table":2,"minecraft:spruce_planks":8,"minecraft:wooden_pickaxe":1,"minecraft:iron_helmet":1,"minecraft:iron_sword":2,"minecraft:mangrove_planks":28,"minecraft:bread":55,"minecraft:air":0,"minecraft:jungle_planks":44,"minecraft:iron_chestplate":1,"minecraft:shield":1,"minecraft:stick":27,"minecraft:iron_ingot":34,"minecraft:iron_pickaxe":3,"minecraft:wooden_axe":1,"minecraft:iron_leggings":1},"minecraft:custom":{"minecraft:inspect_dropper":3,"minecraft:mob_kills":53,"minecraft:interact_with_crafting_table":24,"minecraft:open_barrel":28,"minecraft:time_since_death":779,"minecraft:climb_one_cm":11955,"minecraft:sprint_one_cm":328490,"minecraft:walk_one_cm":169835,"minecraft:damage_blocked_by_shield":840,"minecraft:drop":17,"minecraft:play_time":88888,"minecraft:deaths":5,"minecraft:sneak_time":3160,"minecraft:walk_under_water_one_cm":13316,"minecraft:jump":2461,"minecraft:walk_on_water_one_cm":27920,"minecraft:total_world_time":88888,"minecraft:interact_with_furnace":18,"minecraft:sleep_in_bed":6,"minecraft:time_since_rest":812,"minecraft:damage_taken":3749,"minecraft:damage_dealt":9248,"minecraft:swim_one_cm":49703,"minecraft:fly_one_cm":523491,"minecraft:open_chest":10,"minecraft:crouch_one_cm":10797,"minecraft:interact_with_smoker":7,"minecraft:fall_one_cm":71766,"minecraft:inspect_dispenser":8},"minecraft:used":{"minecraft:spruce_planks":4,"minecraft:shield":13,"minecraft:iron_sword":183,"minecraft:zombie_spawn_egg":1,"minecraft:mossy_stone_brick_slab":2,"minecraft:iron_chestplate":1,"minecraft:spyglass":6,"minecraft:jungle_planks":2,"minecraft:stripped_spruce_log":2,"minecraft:wooden_axe":50,"minecraft:flowering_azalea":1,"minecraft:iron_axe":58,"minecraft:iron_boots":1,"minecraft:barrel":2,"minecraft:hay_block":3,"minecraft:furnace":2,"minecraft:cooked_beef":3,"minecraft:cow_spawn_egg":1,"minecraft:stone_pickaxe":133,"minecraft:wooden_pickaxe":12,"minecraft:glow_berries":9,"minecraft:mossy_cobblestone":2,"minecraft:crafting_table":7,"minecraft:crossbow":1,"minecraft:smoker":1,"minecraft:apple":1,"minecraft:bread":55,"minecraft:iron_pickaxe":132,"minecraft:cobblestone":20,"minecraft:yellow_bed":2},"minecraft:dropped":{"minecraft:moss_block":4,"minecraft:wheat_seeds":2,"bettermcdonaldsmod:lettuce_seeds":1,"minecraft:apple":1,"minecraft:spruce_stairs":2,"minecraft:gray_wool":1,"minecraft:iron_nugget":3,"minecraft:rotten_flesh":5,"minecraft:clay_ball":16,"minecraft:stone_slab":1,"minecraft:skeleton_spawn_egg":1,"minecraft:spruce_trapdoor":3,"minecraft:charcoal":2,"minecraft:spider_eye":1,"minecraft:stone_bricks":1,"minecraft:black_wool":1},"minecraft:broken":{"minecraft:stone_pickaxe":1,"minecraft:iron_axe":1},"minecraft:killed_by":{"minecraft:husk":1,"minecraft:pillager":1,"creeperoverhaul:cave_creeper":1,"minecraft:skeleton":2},"minecraft:killed":{"minecraft:vindicator":3,"minecraft:spider":5,"creeperoverhaul:bamboo_creeper":1,"minecraft:skeleton":1,"creeperoverhaul:jungle_creeper":1,"naturalist:bass":2,"minecraft:tropical_fish":1,"adventurez:orc":1,"minecraft:zombie_villager":1,"minecraft:sheep":6,"minecraft:pillager":5,"minecraft:zombie":15,"minecraft:cow":8}},"DataVersion":3465}