{"stats":{"minecraft:picked_up":{"minecraft:crafting_table":1,"minecraft:jungle_log":11},"minecraft:mined":{"minecraft:jungle_log":12,"minecraft:crafting_table":1},"minecraft:crafted":{"minecraft:crafting_table":1,"minecraft:stick":8,"minecraft:wooden_pickaxe":1,"minecraft:jungle_planks":16,"minecraft:wooden_axe":1},"minecraft:custom":{"minecraft:jump":6,"minecraft:time_since_rest":5152,"minecraft:damage_dealt":20,"minecraft:sprint_one_cm":2091,"minecraft:play_time":5152,"minecraft:time_since_death":5152,"minecraft:walk_one_cm":3448,"minecraft:climb_one_cm":176,"minecraft:total_world_time":5152,"minecraft:interact_with_crafting_table":2,"minecraft:fall_one_cm":756,"minecraft:fly_one_cm":243},"minecraft:used":{"minecraft:wooden_axe":18,"minecraft:crafting_table":1}},"DataVersion":3465}