{"stats":{"minecraft:picked_up":{"minecraft:birch_log":4,"minecraft:charcoal":2,"minecraft:crafting_table":5,"minecraft:wheat":23,"minecraft:jungle_log":11,"minecraft:smoker":1,"minecraft:brewing_stand":1,"minecraft:yellow_bed":2,"minecraft:string":7,"minecraft:iron_axe":1,"minecraft:acacia_planks":2,"minecraft:wheat_seeds":2,"minecraft:bamboo":39,"minecraft:acacia_sapling":1,"minecraft:spider_eye":1,"minecraft:barrel":2,"minecraft:zombie_spawn_egg":1,"minecraft:skeleton_spawn_egg":1,"minecraft:rotten_flesh":3,"bettermcdonaldsmod:lettuce_seeds":1,"minecraft:hay_block":29,"minecraft:emerald":2,"minecraft:mutton":3,"minecraft:coal":10,"minecraft:white_wool":2,"minecraft:cobblestone":5},"minecraft:mined":{"minecraft:smoker":1,"minecraft:brewing_stand":1,"minecraft:crafting_table":5,"minecraft:jungle_log":12,"minecraft:cobblestone":3,"minecraft:spawner":1,"minecraft:hay_block":23,"minecraft:birch_log":1,"minecraft:barrel":2,"minecraft:yellow_bed":1,"minecraft:grass":2,"minecraft:coal_ore":10,"minecraft:cobweb":6,"minecraft:bamboo":4,"minecraft:stone":4,"minecraft:oak_leaves":2},"minecraft:crafted":{"minecraft:crafting_table":1,"minecraft:wooden_pickaxe":1,"minecraft:iron_sword":1,"minecraft:bread":55,"minecraft:jungle_planks":44,"minecraft:stick":12,"minecraft:stone_pickaxe":1,"minecraft:wooden_axe":1,"minecraft:wheat":234},"minecraft:custom":{"minecraft:mob_kills":14,"minecraft:interact_with_crafting_table":9,"minecraft:open_barrel":4,"minecraft:time_since_death":3339,"minecraft:sleep_in_bed":4,"minecraft:climb_one_cm":410,"minecraft:time_since_rest":3370,"minecraft:sprint_one_cm":101856,"minecraft:damage_taken":1313,"minecraft:walk_one_cm":44603,"minecraft:drop":6,"minecraft:damage_dealt":2521,"minecraft:fly_one_cm":191806,"minecraft:swim_one_cm":23362,"minecraft:open_chest":2,"minecraft:crouch_one_cm":1127,"minecraft:play_time":29152,"minecraft:deaths":2,"minecraft:sneak_time":251,"minecraft:walk_under_water_one_cm":1671,"minecraft:jump":764,"minecraft:walk_on_water_one_cm":6876,"minecraft:total_world_time":29152,"minecraft:fall_one_cm":23010},"minecraft:used":{"minecraft:stone_pickaxe":28,"minecraft:wooden_pickaxe":12,"minecraft:iron_sword":52,"minecraft:zombie_spawn_egg":1,"minecraft:spyglass":1,"minecraft:crafting_table":5,"minecraft:jungle_planks":2,"minecraft:wooden_axe":26,"minecraft:bread":20,"minecraft:iron_axe":23,"minecraft:hay_block":3,"minecraft:yellow_bed":2},"minecraft:dropped":{"minecraft:wheat_seeds":2,"bettermcdonaldsmod:lettuce_seeds":1,"minecraft:rotten_flesh":3,"minecraft:skeleton_spawn_egg":1,"minecraft:charcoal":2,"minecraft:spider_eye":1},"minecraft:killed_by":{"minecraft:skeleton":1,"minecraft:pillager":1},"minecraft:killed":{"minecraft:vindicator":1,"minecraft:spider":1,"minecraft:sheep":2,"minecraft:pillager":1,"minecraft:zombie":5,"adventurez:orc":1}},"DataVersion":3465}