{"stats":{"minecraft:picked_up":{"minecraft:slime_spawn_egg":1,"minecraft:iron_chestplate":3,"minecraft:wheat":25,"minecraft:creeper_head":2,"minecraft:anvil":1,"minecraft:stone_slab":1,"minecraft:enchanted_book":1,"minecraft:potion":1,"minecraft:stone_brick_stairs":1,"minecraft:brewing_stand":2,"minecraft:string":42,"minecraft:iron_leggings":3,"minecraft:cobbled_deepslate":52,"bosses_of_mass_destruction:soul_star":6,"minecraft:cobblestone_slab":1,"minecraft:azalea":5,"minecraft:mangrove_log":7,"minecraft:iron_boots":2,"minecraft:furnace":2,"minecraft:stick":31,"minecraft:jungle_door":1,"minecraft:jukebox":1,"minecraft:big_dripleaf":2,"minecraft:torch":20,"minecraft:acacia_log":23,"minecraft:spruce_stairs":2,"mythicmetals:morkite":80,"minecraft:cauldron":3,"minecraft:zombie_spawn_egg":2,"minecraft:light_gray_bed":1,"minecraft:rotten_flesh":52,"minecraft:tropical_fish":5,"minecraft:cow_spawn_egg":3,"minecraft:cobblestone":138,"minecraft:birch_log":7,"minecraft:pink_petals":22,"minecraft:mossy_cobblestone_slab":1,"minecraft:jungle_log":89,"minecraft:jungle_wood":20,"minecraft:smoker":7,"minecraft:tuff":3,"minecraft:acacia_boat":1,"mythicmetals:raw_platinum":6,"minecraft:dirt":3,"minecraft:bone":139,"minecraft:acacia_planks":5,"minecraft:gray_terracotta":2,"minecraft:bow":2,"minecraft:wheat_seeds":11,"minecraft:mossy_stone_bricks":4,"minecraft:bamboo":110,"minecraft:moss_block":23,"minecraft:honeycomb":23,"mythicmetals:raw_silver":8,"minecraft:oak_planks":1,"minecraft:jungle_planks":55,"minecraft:stripped_spruce_log":4,"mythicmetals:raw_quadrillum":31,"minecraft:dark_oak_log":1,"minecraft:barrel":5,"naturalist:duck_egg":1,"minecraft:mossy_cobblestone":18,"minecraft:skeleton_spawn_egg":2,"minecraft:diamond":39,"minecraft:emerald":38,"minecraft:oak_sapling":2,"minecraft:charcoal":2,"minecraft:crafting_table":10,"minecraft:ladder":1,"minecraft:clay_ball":16,"minecraft:brown_mushroom":1,"minecraft:spider_spawn_egg":5,"minecraft:moss_carpet":20,"minecraft:iron_axe":1,"mythicmetals:raw_adamantite":15,"minecraft:beef":38,"minecraft:player_head":1,"minecraft:jungle_sapling":4,"minecraft:iron_nugget":15,"mythicmetals:raw_mythril":3,"minecraft:spruce_trapdoor":3,"minecraft:egg":1,"mythicmetals:raw_orichalcum":10,"minecraft:raw_iron":171,"minecraft:glow_item_frame":1,"minecraft:spruce_fence":1,"minecraft:note_block":2,"mythicmetals:raw_tin":8,"minecraft:stone_pressure_plate":58,"minecraft:dark_oak_planks":7,"mythicmetals:raw_runite":13,"minecraft:arrow":107,"minecraft:diamond_chestplate":1,"minecraft:diamond_boots":2,"minecraft:hay_block":80,"minecraft:stripped_dark_oak_wood":1,"minecraft:gold_ingot":9,"minecraft:glow_berries":10,"minecraft:mutton":10,"minecraft:white_wool":6,"minecraft:bone_block":4,"minecraft:mud_bricks":6,"mythicmetals:raw_banglum":6,"minecraft:leather":14,"minecraft:jungle_fence":27,"minecraft:red_mushroom":2,"minecraft:packed_mud":1,"minecraft:oak_log":6,"minecraft:yellow_bed":2,"minecraft:gunpowder":14,"minecraft:cobblestone_stairs":1,"minecraft:paper":2,"minecraft:orange_terracotta":11,"naturalist:bass":1,"minecraft:apple":1,"minecraft:stone_bricks":2,"minecraft:spruce_wood":2,"minecraft:iron_ingot":3,"minecraft:iron_ore":32,"bettermcdonaldsmod:tomato_seeds":20,"minecraft:glass_bottle":3,"minecraft:mangrove_planks":20,"minecraft:acacia_sapling":1,"minecraft:flowering_azalea":4,"minecraft:dark_oak_stairs":1,"minecraft:book":252,"minecraft:gravel":3,"minecraft:amethyst_shard":2,"minecraft:mossy_stone_brick_slab":2,"minecraft:spider_eye":3,"minecraft:leather_helmet":2,"minecraft:stripped_jungle_log":8,"travelersbackpack:standard":1,"minecraft:slime_ball":22,"minecraft:chainmail_leggings":5,"minecraft:iron_helmet":3,"bettermcdonaldsmod:lettuce_seeds":16,"minecraft:cherry_sapling":1,"minecraft:gray_wool":1,"minecraft:black_wool":1,"minecraft:dark_oak_wood":2,"minecraft:coal":81,"minecraft:hopper":9,"minecraft:ender_pearl":3},"minecraft:mined":{"minecraft:dark_oak_planks":9,"minecraft:stone_pressure_plate":58,"minecraft:spruce_planks":1,"minecraft:mossy_stone_brick_slab":2,"minecraft:cobblestone_stairs":1,"minecraft:jungle_leaves":41,"minecraft:brewing_stand":1,"mythicmetals:deepslate_morkite_ore":16,"minecraft:spruce_trapdoor":3,"minecraft:cave_vines_plant":2,"minecraft:acacia_log":24,"minecraft:grass_block":4,"minecraft:infested_cobblestone":1,"mythicmetals:deepslate_adamantite_ore":15,"minecraft:jungle_log":92,"minecraft:light_gray_bed":1,"minecraft:mud_bricks":7,"minecraft:mud_brick_wall":1,"minecraft:hopper":9,"minecraft:spawner":58,"mythicmetals:deepslate_orichalcum_ore":10,"minecraft:mossy_cobblestone_slab":1,"minecraft:iron_ore":106,"minecraft:barrel":3,"minecraft:cobbled_deepslate":1,"minecraft:anvil":1,"minecraft:stripped_dark_oak_wood":1,"minecraft:dark_oak_stairs":1,"minecraft:cave_vines":5,"minecraft:spruce_wood":2,"minecraft:azalea_leaves":12,"minecraft:azalea":2,"minecraft:jungle_door":1,"minecraft:smoker":6,"minecraft:orange_terracotta":12,"minecraft:note_block":2,"minecraft:dark_oak_wood":2,"minecraft:calcite":1,"minecraft:cobblestone":23,"minecraft:cauldron":3,"minecraft:jungle_wood":15,"minecraft:birch_log":1,"minecraft:jukebox":1,"minecraft:stone_brick_stairs":1,"minecraft:grass":7,"minecraft:dirt":9,"mythicmetals:morkite_ore":2,"minecraft:mangrove_log":7,"minecraft:oak_leaves":9,"minecraft:deepslate":46,"minecraft:mossy_cobblestone":19,"minecraft:deepslate_diamond_ore":21,"minecraft:cherry_sapling":1,"minecraft:spruce_fence":1,"mythicmetals:silver_ore":3,"minecraft:decorated_pot":2,"minecraft:jungle_planks":40,"minecraft:moss_block":8,"minecraft:hay_block":74,"minecraft:packed_mud":1,"mythicmetals:quadrillum_ore":12,"minecraft:furnace":1,"mythicmetals:tin_ore":2,"minecraft:stripped_spruce_log":4,"mythicmetals:deepslate_mythril_ore":3,"minecraft:bookshelf":84,"minecraft:vine":10,"minecraft:deepslate_iron_ore":7,"minecraft:cobblestone_slab":1,"minecraft:stripped_jungle_log":8,"minecraft:bamboo":13,"minecraft:stone":119,"minecraft:bone_block":3,"minecraft:redstone_wall_torch":1,"minecraft:acacia_leaves":2,"minecraft:flowering_azalea":2,"mythicmetals:platinum_ore":4,"travelersbackpack:standard":1,"minecraft:crafting_table":8,"minecraft:stone_slab":1,"minecraft:tall_grass":1,"minecraft:deepslate_coal_ore":5,"minecraft:green_stained_glass_pane":2,"mythicmetals:deepslate_runite_ore":4,"minecraft:spruce_stairs":2,"minecraft:creeper_head":2,"minecraft:jungle_fence":27,"minecraft:yellow_bed":1,"minecraft:coal_ore":56,"minecraft:gravel":3,"minecraft:cobweb":6,"minecraft:acacia_planks":8,"minecraft:stone_bricks":2,"minecraft:mossy_stone_bricks":4,"mythicmetals:banglum_ore":4,"minecraft:fern":4},"minecraft:crafted":{"mythicmetals:orichalcum_chestplate":1,"minecraft:smooth_stone":3,"minecraft:oak_planks":24,"newshieldvariants:diamond_shield":1,"travelersbackpack:iron":3,"mythicmetals:platinum_ingot":5,"simplyswords:mythicmetals_compat/adamantite/adamantite_claymore":1,"minecraft:stone":3,"minecraft:cooked_mutton":10,"minecraft:diamond_helmet":1,"minecraft:diamond_leggings":2,"minecraft:iron_boots":1,"minecraft:chest":6,"minecraft:crafting_table":4,"minecraft:spruce_planks":8,"minecraft:wooden_pickaxe":1,"minecraft:iron_helmet":1,"mythicmetals:adamantite_axe":1,"minecraft:smithing_table":1,"minecraft:birch_planks":12,"mythicmetals:adamantite_pickaxe":1,"minecraft:iron_chestplate":1,"minecraft:diamond_pickaxe":1,"minecraft:shield":1,"minecraft:stick":31,"minecraft:iron_pickaxe":3,"minecraft:iron_ingot":78,"minecraft:iron_block":3,"minecraft:gold_ingot":14,"minecraft:iron_nugget":9,"mythicmetals:quadrillum_ingot":31,"minecraft:furnace":4,"minecraft:blast_furnace":1,"mythicmetals:runite_ingot":11,"mythicmetals:adamantite_ingot":15,"minecraft:iron_axe":2,"minecraft:stone_pickaxe":1,"minecraft:diamond_boots":1,"minecraft:wheat":657,"minecraft:cooked_beef":36,"minecraft:iron_sword":2,"minecraft:mangrove_planks":28,"mythicmetals:silver_ingot":4,"minecraft:bucket":1,"minecraft:jungle_planks":440,"minecraft:bread":199,"minecraft:acacia_boat":1,"minecraft:air":0,"simplyswords:mythicmetals_compat/adamantite/adamantite_warglaive":1,"mythicmetals:banglum_ingot":4,"minecraft:wooden_axe":1,"minecraft:iron_leggings":1,"minecraft:anvil":1,"minecraft:acacia_planks":92,"mythicmetals:orichalcum_ingot":10},"minecraft:custom":{"minecraft:interact_with_crafting_table":78,"minecraft:open_barrel":143,"minecraft:leave_game":6,"minecraft:time_since_death":115324,"minecraft:sprint_one_cm":1575894,"minecraft:damage_blocked_by_shield":4750,"minecraft:drop":136,"minecraft:play_noteblock":5,"minecraft:talked_to_villager":1,"minecraft:play_time":416590,"minecraft:deaths":7,"minecraft:jump":9701,"minecraft:walk_on_water_one_cm":83701,"minecraft:interact_with_furnace":57,"minecraft:interact_with_loom":1,"minecraft:sleep_in_bed":13,"minecraft:damage_dealt":54610,"minecraft:crouch_one_cm":67263,"minecraft:interact_with_smoker":16,"minecraft:inspect_dispenser":11,"minecraft:interact_with_smithing_table":3,"minecraft:inspect_dropper":6,"minecraft:interact_with_anvil":15,"minecraft:mob_kills":321,"minecraft:inspect_hopper":1,"minecraft:climb_one_cm":68937,"minecraft:walk_one_cm":846377,"minecraft:sneak_time":20444,"minecraft:walk_under_water_one_cm":68188,"minecraft:boat_one_cm":20095,"minecraft:interact_with_blast_furnace":13,"minecraft:total_world_time":416590,"minecraft:tune_noteblock":1,"minecraft:time_since_rest":8883,"minecraft:damage_taken":10983,"minecraft:damage_absorbed":526,"minecraft:swim_one_cm":167837,"minecraft:fly_one_cm":1927996,"minecraft:open_chest":227,"minecraft:fall_one_cm":263465},"minecraft:dropped":{"minecraft:acacia_boat":1,"minecraft:iron_sword":1,"minecraft:moss_block":9,"minecraft:brown_mushroom":1,"minecraft:dark_oak_stairs":1,"bettermcdonaldsmod:lettuce_seeds":6,"minecraft:cooked_beef":19,"minecraft:baked_potato":16,"minecraft:glass_bottle":8,"minecraft:diamond":4,"minecraft:spider_spawn_egg":3,"mythicmetals:raw_runite":2,"minecraft:jungle_planks":17,"minecraft:leather_helmet":1,"minecraft:emerald":54,"minecraft:cobblestone_stairs":1,"bettermcdonaldsmod:tomato_seeds":8,"minecraft:dirt":3,"minecraft:dark_oak_wood":2,"minecraft:stripped_dark_oak_wood":1,"minecraft:jungle_sapling":2,"minecraft:pumpkin_pie":3,"minecraft:gold_ingot":18,"minecraft:bone":12,"minecraft:gravel":1,"minecraft:iron_nugget":22,"minecraft:wheat":2,"minecraft:soul_lantern":2,"minecraft:rotten_flesh":28,"minecraft:oak_planks":2,"minecraft:cooked_mutton":10,"minecraft:gunpowder":8,"minecraft:azalea_leaves":2,"minecraft:charcoal":2,"minecraft:ladder":1,"minecraft:azalea":5,"minecraft:spruce_wood":2,"minecraft:iron_ore":32,"minecraft:arrow":1,"minecraft:iron_ingot":1,"minecraft:bread":23,"minecraft:wheat_seeds":8,"minecraft:mossy_cobblestone":4,"minecraft:iron_helmet":4,"minecraft:cobblestone":5,"minecraft:jungle_wood":2,"minecraft:apple":1,"minecraft:spruce_stairs":2,"minecraft:coal":2,"minecraft:golden_apple":2,"minecraft:stick":20,"minecraft:gray_wool":1,"minecraft:map":1,"minecraft:iron_leggings":5,"minecraft:chainmail_leggings":4,"minecraft:string":4,"minecraft:pink_petals":22,"minecraft:moss_carpet":18,"minecraft:clay_ball":16,"minecraft:iron_boots":3,"minecraft:stone_slab":1,"minecraft:skeleton_spawn_egg":1,"minecraft:spruce_fence":1,"minecraft:filled_map":1,"minecraft:cobblestone_slab":1,"minecraft:mud_bricks":4,"minecraft:orange_terracotta":3,"minecraft:spruce_trapdoor":3,"minecraft:iron_chestplate":4,"minecraft:mossy_stone_bricks":4,"minecraft:stone_bricks":2,"minecraft:spider_eye":2,"minecraft:bow":2,"minecraft:black_wool":1},"minecraft:used":{"mythicmetals:adamantite_pickaxe":146,"minecraft:chest":5,"minecraft:shield":46,"minecraft:iron_sword":618,"minecraft:zombie_spawn_egg":1,"minecraft:mossy_stone_brick_slab":2,"minecraft:iron_chestplate":1,"minecraft:jungle_planks":384,"travelersbackpack:iron":13,"minecraft:stripped_spruce_log":2,"minecraft:packed_mud":1,"minecraft:bow":10,"mythicmetals:orichalcum_chestplate":2,"minecraft:hay_block":7,"minecraft:furnace":4,"minecraft:egg":1,"minecraft:cow_spawn_egg":2,"minecraft:stone_pickaxe":133,"minecraft:oak_planks":15,"minecraft:mangrove_planks":4,"minecraft:ender_pearl":3,"minecraft:wooden_pickaxe":12,"naturalist:duck_egg":1,"minecraft:golden_apple":16,"minecraft:glow_berries":9,"minecraft:blast_furnace":1,"minecraft:crossbow":75,"minecraft:dark_oak_log":1,"minecraft:bread":211,"minecraft:gravel":2,"minecraft:smithing_table":1,"minecraft:golden_pickaxe":2,"minecraft:experience_bottle":12,"minecraft:spruce_planks":4,"travelersbackpack:bat":2,"minecraft:spyglass":30,"minecraft:anvil":2,"minecraft:wooden_axe":52,"minecraft:dark_oak_planks":6,"minecraft:flowering_azalea":1,"minecraft:iron_axe":411,"simplyswords:mythicmetals_compat/adamantite/adamantite_claymore":205,"minecraft:iron_boots":1,"minecraft:mud_bricks":1,"minecraft:barrel":3,"minecraft:diamond_chestplate":1,"mythicmetals:adamantite_axe":271,"minecraft:acacia_planks":65,"minecraft:cooked_beef":17,"minecraft:orange_terracotta":8,"minecraft:cobbled_deepslate":27,"minecraft:acacia_boat":1,"minecraft:water_bucket":182,"minecraft:iron_ore":69,"minecraft:mossy_cobblestone":14,"minecraft:crafting_table":11,"bosses_of_mass_destruction:soul_star":2,"minecraft:smoker":3,"minecraft:diamond_pickaxe":226,"minecraft:apple":1,"simplyswords:mythicmetals_compat/adamantite/adamantite_warglaive":308,"minecraft:iron_pickaxe":854,"minecraft:map":1,"minecraft:cobblestone":63,"minecraft:potion":1,"travelersbackpack:standard":1,"minecraft:bucket":185,"minecraft:yellow_bed":2,"minecraft:brush":18},"minecraft:broken":{"minecraft:stone_pickaxe":1,"minecraft:iron_axe":2,"minecraft:iron_pickaxe":2},"minecraft:killed_by":{"minecraft:pillager":1,"creeperoverhaul:cave_creeper":1,"minecraft:husk":2,"minecraft:skeleton":2},"minecraft:killed":{"minecraft:witch":1,"minecraft:spider":18,"creeperoverhaul:bamboo_creeper":2,"minecraft:skeleton":99,"creeperoverhaul:jungle_creeper":1,"minecraft:silverfish":1,"creeperoverhaul:cave_creeper":2,"minecraft:tropical_fish":1,"minecraft:zombie_villager":2,"minecraft:creeper":19,"minecraft:sheep":7,"minecraft:pillager":9,"minecraft:zombie":67,"creeperoverhaul:swamp_creeper":1,"minecraft:cow":18,"minecraft:vindicator":5,"minecraft:slime":41,"naturalist:bass":2,"minecraft:ocelot":1,"adventurez:orc":1,"minecraft:husk":2,"minecraft:frog":1,"minecraft:wither_skeleton":13}},"DataVersion":3465}