{"stats":{"minecraft:picked_up":{"minecraft:birch_log":7,"minecraft:charcoal":2,"minecraft:crafting_table":7,"minecraft:wheat":25,"minecraft:jungle_log":11,"minecraft:leather":5,"minecraft:smoker":2,"minecraft:brewing_stand":2,"minecraft:yellow_bed":2,"minecraft:string":19,"minecraft:iron_axe":1,"naturalist:bass":1,"minecraft:acacia_planks":2,"minecraft:stone_bricks":1,"minecraft:wheat_seeds":2,"minecraft:iron_ingot":3,"minecraft:beef":17,"bettermcdonaldsmod:tomato_seeds":1,"minecraft:iron_nugget":3,"minecraft:bamboo":110,"minecraft:moss_block":7,"mythicmetals:raw_silver":4,"minecraft:acacia_sapling":1,"minecraft:spruce_trapdoor":3,"minecraft:mangrove_log":7,"minecraft:furnace":1,"minecraft:book":9,"minecraft:stick":3,"minecraft:raw_iron":3,"minecraft:torch":2,"minecraft:spruce_stairs":2,"minecraft:amethyst_shard":2,"minecraft:stripped_spruce_log":4,"mythicmetals:raw_tin":4,"minecraft:spider_eye":1,"minecraft:barrel":4,"minecraft:zombie_spawn_egg":1,"minecraft:skeleton_spawn_egg":1,"minecraft:arrow":6,"minecraft:rotten_flesh":5,"minecraft:tropical_fish":3,"minecraft:cow_spawn_egg":1,"bettermcdonaldsmod:lettuce_seeds":1,"minecraft:hay_block":29,"minecraft:gray_wool":1,"minecraft:emerald":6,"minecraft:glow_berries":1,"minecraft:black_wool":1,"minecraft:mutton":10,"minecraft:coal":23,"minecraft:white_wool":6,"minecraft:cobblestone":33},"minecraft:mined":{"minecraft:smoker":1,"minecraft:brewing_stand":1,"minecraft:crafting_table":6,"minecraft:spruce_trapdoor":3,"mythicmetals:silver_ore":2,"minecraft:jungle_log":12,"minecraft:cobblestone":4,"minecraft:moss_block":7,"minecraft:spawner":1,"minecraft:hay_block":23,"minecraft:spruce_stairs":2,"minecraft:furnace":1,"minecraft:birch_log":1,"minecraft:iron_ore":3,"minecraft:barrel":2,"mythicmetals:tin_ore":2,"minecraft:stripped_spruce_log":4,"minecraft:yellow_bed":1,"minecraft:grass":3,"minecraft:bookshelf":3,"minecraft:coal_ore":11,"minecraft:cobweb":6,"minecraft:mangrove_log":7,"minecraft:azalea":1,"minecraft:bamboo":13,"minecraft:stone":33,"minecraft:stone_bricks":1,"minecraft:oak_leaves":2},"minecraft:crafted":{"minecraft:crafting_table":2,"minecraft:spruce_planks":8,"minecraft:wooden_pickaxe":1,"minecraft:iron_sword":1,"minecraft:furnace":1,"minecraft:mangrove_planks":28,"minecraft:air":0,"minecraft:bread":55,"minecraft:jungle_planks":44,"minecraft:stick":20,"minecraft:iron_ingot":3,"minecraft:iron_pickaxe":1,"minecraft:stone_pickaxe":1,"minecraft:wooden_axe":1,"minecraft:wheat":234},"minecraft:custom":{"minecraft:interact_with_furnace":4,"minecraft:mob_kills":41,"minecraft:interact_with_crafting_table":11,"minecraft:open_barrel":8,"minecraft:time_since_death":27075,"minecraft:sleep_in_bed":4,"minecraft:climb_one_cm":7100,"minecraft:time_since_rest":27106,"minecraft:sprint_one_cm":181307,"minecraft:damage_taken":1848,"minecraft:walk_one_cm":88488,"minecraft:drop":12,"minecraft:damage_dealt":6501,"minecraft:fly_one_cm":330553,"minecraft:swim_one_cm":39398,"minecraft:open_chest":3,"minecraft:crouch_one_cm":6987,"minecraft:play_time":52888,"minecraft:deaths":2,"minecraft:sneak_time":2140,"minecraft:walk_under_water_one_cm":11404,"minecraft:jump":1428,"minecraft:walk_on_water_one_cm":17770,"minecraft:total_world_time":52888,"minecraft:interact_with_smoker":1,"minecraft:fall_one_cm":41422},"minecraft:dropped":{"minecraft:wheat_seeds":2,"minecraft:iron_nugget":3,"bettermcdonaldsmod:lettuce_seeds":1,"minecraft:rotten_flesh":3,"minecraft:skeleton_spawn_egg":1,"minecraft:spruce_stairs":2,"minecraft:gray_wool":1,"minecraft:spruce_trapdoor":3,"minecraft:charcoal":2,"minecraft:stone_bricks":1,"minecraft:spider_eye":1,"minecraft:black_wool":1},"minecraft:used":{"minecraft:cow_spawn_egg":1,"minecraft:stone_pickaxe":124,"minecraft:spruce_planks":4,"minecraft:iron_sword":124,"minecraft:wooden_pickaxe":12,"minecraft:zombie_spawn_egg":1,"minecraft:spyglass":4,"minecraft:crafting_table":6,"minecraft:jungle_planks":2,"minecraft:smoker":1,"minecraft:stripped_spruce_log":2,"minecraft:wooden_axe":50,"minecraft:bread":36,"minecraft:iron_axe":58,"minecraft:barrel":2,"minecraft:cobblestone":11,"minecraft:hay_block":3,"minecraft:furnace":1,"minecraft:yellow_bed":2},"minecraft:broken":{"minecraft:iron_axe":1},"minecraft:killed_by":{"minecraft:skeleton":1,"minecraft:pillager":1},"minecraft:killed":{"minecraft:zombie_villager":1,"minecraft:spider":2,"minecraft:vindicator":3,"minecraft:sheep":6,"minecraft:pillager":5,"minecraft:zombie":8,"naturalist:bass":2,"creeperoverhaul:jungle_creeper":1,"minecraft:tropical_fish":1,"adventurez:orc":1,"minecraft:cow":8}},"DataVersion":3465}