{"stats":{"minecraft:dropped":{"minecraft:moss_block":4,"minecraft:wheat_seeds":2,"bettermcdonaldsmod:lettuce_seeds":1,"minecraft:apple":1,"minecraft:spruce_stairs":2,"minecraft:gray_wool":1,"minecraft:iron_nugget":3,"minecraft:rotten_flesh":5,"minecraft:clay_ball":16,"minecraft:oak_planks":2,"minecraft:stone_slab":1,"minecraft:skeleton_spawn_egg":1,"minecraft:spruce_trapdoor":3,"minecraft:charcoal":2,"minecraft:stone_bricks":1,"minecraft:spider_eye":1,"minecraft:black_wool":1},"minecraft:broken":{"minecraft:stone_pickaxe":1,"minecraft:iron_axe":1,"minecraft:iron_pickaxe":1},"minecraft:used":{"minecraft:chest":1,"minecraft:spruce_planks":4,"minecraft:shield":19,"minecraft:iron_sword":212,"minecraft:zombie_spawn_egg":1,"minecraft:mossy_stone_brick_slab":2,"minecraft:iron_chestplate":1,"minecraft:spyglass":17,"minecraft:jungle_planks":2,"minecraft:stripped_spruce_log":2,"minecraft:wooden_axe":52,"minecraft:flowering_azalea":1,"minecraft:iron_axe":72,"minecraft:iron_boots":1,"minecraft:barrel":2,"minecraft:hay_block":3,"minecraft:furnace":2,"minecraft:cooked_beef":13,"minecraft:acacia_boat":1,"minecraft:cow_spawn_egg":1,"minecraft:iron_ore":30,"minecraft:stone_pickaxe":133,"minecraft:oak_planks":15,"minecraft:wooden_pickaxe":12,"minecraft:glow_berries":9,"minecraft:mossy_cobblestone":13,"minecraft:crafting_table":8,"minecraft:crossbow":3,"minecraft:smoker":1,"minecraft:apple":1,"minecraft:bread":55,"minecraft:iron_pickaxe":370,"minecraft:cobblestone":27,"minecraft:yellow_bed":2,"minecraft:brush":9},"minecraft:mined":{"minecraft:dark_oak_planks":1,"minecraft:stone_pressure_plate":56,"minecraft:mossy_cobblestone":14,"minecraft:mossy_stone_brick_slab":2,"minecraft:cobblestone_stairs":1,"minecraft:jungle_leaves":3,"mythicmetals:deepslate_morkite_ore":8,"minecraft:brewing_stand":1,"minecraft:cave_vines_plant":2,"minecraft:spruce_trapdoor":3,"minecraft:acacia_log":3,"minecraft:grass_block":2,"mythicmetals:silver_ore":2,"minecraft:infested_cobblestone":1,"minecraft:jungle_log":13,"minecraft:light_gray_bed":1,"minecraft:hopper":3,"minecraft:moss_block":7,"minecraft:spawner":1,"minecraft:hay_block":23,"minecraft:mossy_cobblestone_slab":1,"minecraft:furnace":1,"minecraft:iron_ore":57,"minecraft:barrel":2,"mythicmetals:tin_ore":2,"minecraft:stripped_spruce_log":4,"minecraft:cobblestone_slab":1,"minecraft:bookshelf":3,"minecraft:vine":2,"minecraft:cave_vines":4,"minecraft:deepslate_iron_ore":7,"minecraft:bamboo":13,"minecraft:azalea":1,"minecraft:stone":48,"minecraft:flowering_azalea":2,"mythicmetals:platinum_ore":1,"minecraft:smoker":1,"minecraft:crafting_table":7,"minecraft:note_block":1,"minecraft:stone_slab":1,"minecraft:cobblestone":16,"minecraft:cauldron":1,"minecraft:spruce_stairs":2,"minecraft:birch_log":1,"minecraft:creeper_head":1,"minecraft:stone_brick_stairs":1,"minecraft:yellow_bed":1,"minecraft:grass":5,"minecraft:coal_ore":11,"minecraft:dirt":1,"minecraft:cobweb":6,"minecraft:mangrove_log":7,"minecraft:stone_bricks":1,"minecraft:oak_leaves":4,"minecraft:deepslate":4},"minecraft:custom":{"minecraft:inspect_dropper":4,"minecraft:mob_kills":62,"minecraft:inspect_hopper":1,"minecraft:interact_with_crafting_table":29,"minecraft:open_barrel":41,"minecraft:time_since_death":23401,"minecraft:climb_one_cm":16104,"minecraft:sprint_one_cm":424463,"minecraft:walk_one_cm":216395,"minecraft:damage_blocked_by_shield":1050,"minecraft:drop":19,"minecraft:play_noteblock":1,"minecraft:play_time":113726,"minecraft:sneak_time":4220,"minecraft:deaths":6,"minecraft:walk_under_water_one_cm":13564,"minecraft:boat_one_cm":20095,"minecraft:jump":3082,"minecraft:walk_on_water_one_cm":29538,"minecraft:total_world_time":113726,"minecraft:interact_with_furnace":22,"minecraft:tune_noteblock":1,"minecraft:sleep_in_bed":6,"minecraft:time_since_rest":23437,"minecraft:damage_taken":4640,"minecraft:damage_dealt":10576,"minecraft:fly_one_cm":646318,"minecraft:swim_one_cm":53011,"minecraft:open_chest":22,"minecraft:crouch_one_cm":14656,"minecraft:interact_with_smoker":7,"minecraft:fall_one_cm":90746,"minecraft:inspect_dispenser":8},"minecraft:crafted":{"minecraft:oak_planks":24,"minecraft:furnace":1,"minecraft:iron_boots":1,"minecraft:iron_axe":1,"minecraft:stone_pickaxe":1,"minecraft:chest":1,"minecraft:wheat":234,"minecraft:cooked_beef":17,"minecraft:crafting_table":3,"minecraft:spruce_planks":8,"minecraft:wooden_pickaxe":1,"minecraft:iron_helmet":1,"minecraft:iron_sword":2,"minecraft:mangrove_planks":28,"minecraft:acacia_boat":1,"minecraft:bread":55,"minecraft:air":0,"minecraft:jungle_planks":44,"minecraft:iron_chestplate":1,"minecraft:shield":1,"minecraft:stick":27,"minecraft:iron_ingot":42,"minecraft:iron_pickaxe":3,"minecraft:wooden_axe":1,"minecraft:gold_ingot":14,"minecraft:iron_leggings":1,"minecraft:acacia_planks":12},"minecraft:killed":{"minecraft:spider":5,"minecraft:vindicator":3,"creeperoverhaul:bamboo_creeper":1,"minecraft:skeleton":4,"naturalist:bass":2,"creeperoverhaul:jungle_creeper":1,"minecraft:silverfish":1,"minecraft:tropical_fish":1,"adventurez:orc":1,"minecraft:husk":1,"minecraft:zombie_villager":1,"minecraft:sheep":6,"minecraft:pillager":5,"minecraft:zombie":19,"minecraft:cow":8},"minecraft:killed_by":{"minecraft:husk":2,"minecraft:pillager":1,"creeperoverhaul:cave_creeper":1,"minecraft:skeleton":2},"minecraft:picked_up":{"minecraft:charcoal":2,"minecraft:crafting_table":9,"minecraft:wheat":25,"minecraft:creeper_head":1,"minecraft:clay_ball":16,"minecraft:stone_slab":1,"minecraft:stone_brick_stairs":1,"minecraft:brewing_stand":2,"minecraft:spider_spawn_egg":2,"minecraft:string":31,"minecraft:moss_carpet":2,"minecraft:iron_axe":1,"minecraft:cobbled_deepslate":7,"minecraft:beef":17,"minecraft:cobblestone_slab":1,"minecraft:iron_nugget":3,"minecraft:spruce_trapdoor":3,"minecraft:mangrove_log":7,"minecraft:furnace":2,"minecraft:stick":10,"minecraft:raw_iron":86,"minecraft:glow_item_frame":1,"minecraft:big_dripleaf":2,"minecraft:torch":2,"minecraft:acacia_log":3,"minecraft:spruce_stairs":2,"minecraft:note_block":1,"mythicmetals:raw_tin":8,"mythicmetals:morkite":27,"minecraft:cauldron":1,"minecraft:stone_pressure_plate":55,"minecraft:dark_oak_planks":1,"minecraft:zombie_spawn_egg":1,"minecraft:arrow":10,"minecraft:light_gray_bed":1,"minecraft:rotten_flesh":17,"minecraft:tropical_fish":3,"minecraft:cow_spawn_egg":1,"minecraft:hay_block":29,"minecraft:glow_berries":10,"minecraft:mutton":10,"minecraft:white_wool":6,"minecraft:bone_block":4,"minecraft:cobblestone":66,"minecraft:birch_log":7,"minecraft:mossy_cobblestone_slab":1,"minecraft:jungle_log":12,"minecraft:leather":5,"minecraft:smoker":2,"minecraft:oak_log":6,"minecraft:yellow_bed":2,"minecraft:cobblestone_stairs":1,"minecraft:acacia_boat":1,"mythicmetals:raw_platinum":2,"minecraft:dirt":3,"naturalist:bass":1,"minecraft:bone":6,"minecraft:acacia_planks":2,"minecraft:apple":1,"minecraft:stone_bricks":1,"minecraft:wheat_seeds":2,"minecraft:iron_ingot":3,"bettermcdonaldsmod:tomato_seeds":10,"minecraft:bamboo":110,"minecraft:moss_block":18,"minecraft:mangrove_planks":20,"minecraft:acacia_sapling":1,"mythicmetals:raw_silver":8,"minecraft:oak_planks":1,"minecraft:flowering_azalea":3,"minecraft:book":9,"minecraft:amethyst_shard":2,"minecraft:stripped_spruce_log":4,"minecraft:mossy_stone_brick_slab":2,"minecraft:spider_eye":2,"minecraft:barrel":4,"minecraft:mossy_cobblestone":14,"minecraft:skeleton_spawn_egg":1,"bettermcdonaldsmod:lettuce_seeds":11,"minecraft:gray_wool":1,"minecraft:emerald":25,"minecraft:oak_sapling":2,"minecraft:black_wool":1,"minecraft:coal":23,"minecraft:hopper":3}},"DataVersion":3465}