{"stats":{"minecraft:picked_up":{"minecraft:birch_log":1,"minecraft:charcoal":2,"minecraft:crafting_table":4,"minecraft:wheat":23,"minecraft:jungle_log":11,"minecraft:smoker":1,"minecraft:yellow_bed":2,"minecraft:iron_axe":1,"minecraft:skeleton_spawn_egg":1,"minecraft:acacia_planks":2,"minecraft:wheat_seeds":2,"minecraft:hay_block":29,"minecraft:emerald":1,"minecraft:cobblestone":3},"minecraft:mined":{"minecraft:hay_block":23,"minecraft:birch_log":1,"minecraft:smoker":1,"minecraft:yellow_bed":1,"minecraft:crafting_table":4,"minecraft:grass":1,"minecraft:jungle_log":12,"minecraft:cobblestone":3,"minecraft:stone":2},"minecraft:crafted":{"minecraft:crafting_table":1,"minecraft:stick":12,"minecraft:wooden_pickaxe":1,"minecraft:stone_pickaxe":1,"minecraft:wooden_axe":1,"minecraft:iron_sword":1,"minecraft:bread":55,"minecraft:jungle_planks":44,"minecraft:wheat":234},"minecraft:custom":{"minecraft:time_since_rest":3689,"minecraft:sprint_one_cm":46365,"minecraft:damage_taken":713,"minecraft:walk_one_cm":25501,"minecraft:mob_kills":2,"minecraft:drop":1,"minecraft:damage_dealt":491,"minecraft:swim_one_cm":2904,"minecraft:interact_with_crafting_table":9,"minecraft:fly_one_cm":63152,"minecraft:open_barrel":3,"minecraft:open_chest":2,"minecraft:crouch_one_cm":1127,"minecraft:play_time":17152,"minecraft:deaths":1,"minecraft:sneak_time":229,"minecraft:walk_under_water_one_cm":61,"minecraft:jump":225,"minecraft:sleep_in_bed":3,"minecraft:walk_on_water_one_cm":5589,"minecraft:time_since_death":9494,"minecraft:climb_one_cm":176,"minecraft:total_world_time":17152,"minecraft:fall_one_cm":5441},"minecraft:dropped":{"minecraft:skeleton_spawn_egg":1},"minecraft:used":{"minecraft:wooden_axe":26,"minecraft:iron_axe":9,"minecraft:bread":9,"minecraft:wooden_pickaxe":12,"minecraft:hay_block":3,"minecraft:crafting_table":5,"minecraft:jungle_planks":2,"minecraft:yellow_bed":2},"minecraft:killed_by":{"minecraft:pillager":1},"minecraft:killed":{"minecraft:zombie":1,"minecraft:vindicator":1}},"DataVersion":3465}