{"stats":{"minecraft:picked_up":{"minecraft:birch_log":7,"minecraft:charcoal":2,"minecraft:crafting_table":6,"minecraft:wheat":25,"minecraft:jungle_log":11,"minecraft:leather":5,"minecraft:smoker":2,"minecraft:brewing_stand":2,"minecraft:yellow_bed":2,"minecraft:string":17,"minecraft:iron_axe":1,"naturalist:bass":1,"minecraft:acacia_planks":2,"minecraft:stone_bricks":1,"minecraft:wheat_seeds":2,"minecraft:iron_ingot":3,"minecraft:beef":17,"minecraft:iron_nugget":3,"minecraft:bamboo":110,"minecraft:spruce_trapdoor":3,"minecraft:acacia_sapling":1,"minecraft:book":9,"minecraft:stick":3,"minecraft:torch":2,"minecraft:spruce_stairs":2,"minecraft:amethyst_shard":2,"minecraft:stripped_spruce_log":4,"minecraft:spider_eye":1,"minecraft:barrel":4,"minecraft:zombie_spawn_egg":1,"minecraft:skeleton_spawn_egg":1,"minecraft:arrow":6,"minecraft:rotten_flesh":5,"minecraft:cow_spawn_egg":1,"bettermcdonaldsmod:lettuce_seeds":1,"minecraft:hay_block":29,"minecraft:gray_wool":1,"minecraft:emerald":6,"minecraft:black_wool":1,"minecraft:mutton":10,"minecraft:coal":22,"minecraft:white_wool":6,"minecraft:cobblestone":7},"minecraft:mined":{"minecraft:smoker":1,"minecraft:brewing_stand":1,"minecraft:crafting_table":5,"minecraft:spruce_trapdoor":3,"minecraft:jungle_log":12,"minecraft:cobblestone":3,"minecraft:spawner":1,"minecraft:spruce_stairs":2,"minecraft:hay_block":23,"minecraft:birch_log":1,"minecraft:barrel":2,"minecraft:stripped_spruce_log":4,"minecraft:yellow_bed":1,"minecraft:grass":2,"minecraft:bookshelf":3,"minecraft:coal_ore":10,"minecraft:cobweb":6,"minecraft:bamboo":13,"minecraft:stone_bricks":1,"minecraft:stone":4,"minecraft:oak_leaves":2},"minecraft:crafted":{"minecraft:crafting_table":1,"minecraft:spruce_planks":8,"minecraft:wooden_pickaxe":1,"minecraft:iron_sword":1,"minecraft:bread":55,"minecraft:jungle_planks":44,"minecraft:stick":12,"minecraft:stone_pickaxe":1,"minecraft:wooden_axe":1,"minecraft:wheat":234},"minecraft:custom":{"minecraft:mob_kills":39,"minecraft:interact_with_crafting_table":9,"minecraft:open_barrel":8,"minecraft:time_since_death":21339,"minecraft:sleep_in_bed":4,"minecraft:climb_one_cm":7044,"minecraft:time_since_rest":21370,"minecraft:sprint_one_cm":175861,"minecraft:damage_taken":1683,"minecraft:walk_one_cm":78128,"minecraft:drop":12,"minecraft:damage_dealt":6261,"minecraft:fly_one_cm":322677,"minecraft:swim_one_cm":39398,"minecraft:open_chest":3,"minecraft:crouch_one_cm":1713,"minecraft:play_time":47152,"minecraft:deaths":2,"minecraft:sneak_time":579,"minecraft:walk_under_water_one_cm":10677,"minecraft:jump":1356,"minecraft:walk_on_water_one_cm":16668,"minecraft:interact_with_smoker":1,"minecraft:total_world_time":47152,"minecraft:fall_one_cm":35986},"minecraft:dropped":{"minecraft:wheat_seeds":2,"minecraft:iron_nugget":3,"bettermcdonaldsmod:lettuce_seeds":1,"minecraft:rotten_flesh":3,"minecraft:skeleton_spawn_egg":1,"minecraft:spruce_stairs":2,"minecraft:gray_wool":1,"minecraft:spruce_trapdoor":3,"minecraft:charcoal":2,"minecraft:stone_bricks":1,"minecraft:spider_eye":1,"minecraft:black_wool":1},"minecraft:used":{"minecraft:cow_spawn_egg":1,"minecraft:stone_pickaxe":30,"minecraft:spruce_planks":4,"minecraft:wooden_pickaxe":12,"minecraft:iron_sword":120,"minecraft:zombie_spawn_egg":1,"minecraft:spyglass":4,"minecraft:crafting_table":5,"minecraft:jungle_planks":2,"minecraft:smoker":1,"minecraft:stripped_spruce_log":2,"minecraft:wooden_axe":32,"minecraft:bread":33,"minecraft:iron_axe":58,"minecraft:barrel":2,"minecraft:hay_block":3,"minecraft:yellow_bed":2},"minecraft:broken":{"minecraft:iron_axe":1},"minecraft:killed_by":{"minecraft:skeleton":1,"minecraft:pillager":1},"minecraft:killed":{"minecraft:zombie_villager":1,"minecraft:vindicator":3,"minecraft:spider":1,"minecraft:sheep":6,"minecraft:pillager":5,"minecraft:zombie":8,"creeperoverhaul:jungle_creeper":1,"naturalist:bass":2,"adventurez:orc":1,"minecraft:cow":8}},"DataVersion":3465}