{"stats":{"minecraft:dropped":{"minecraft:moss_block":1,"minecraft:coarse_dirt":1,"minecraft:mossy_stone_brick_stairs":1,"minecraft:mossy_cobblestone_slab":1,"minecraft:azalea":1},"minecraft:broken":{"minecraft:stone_axe":2},"minecraft:used":{"minecraft:stone_sword":46,"minecraft:stone_pickaxe":255,"minecraft:shield":9,"minecraft:wooden_pickaxe":8,"minecraft:rotten_flesh":6,"minecraft:torch":2,"minecraft:crafting_table":5,"minecraft:jungle_planks":1,"minecraft:melon_slice":11,"minecraft:iron_pickaxe":56,"minecraft:jungle_stairs":3,"minecraft:stone_axe":290,"minecraft:cobblestone":3,"minecraft:furnace":2,"minecraft:cooked_porkchop":3,"minecraft:brown_bed":1},"minecraft:mined":{"minecraft:stone_pressure_plate":1,"minecraft:mossy_cobblestone":12,"minecraft:bamboo_fence":1,"minecraft:smoker":1,"minecraft:cobblestone_stairs":1,"minecraft:jungle_leaves":1,"minecraft:crafting_table":4,"minecraft:jungle_stairs":3,"minecraft:dropper":3,"minecraft:melon":61,"minecraft:jungle_planks":2,"minecraft:jungle_log":4,"minecraft:light_gray_bed":1,"minecraft:cobblestone":24,"minecraft:mud_bricks":1,"minecraft:moss_block":1,"minecraft:wall_torch":1,"minecraft:skeleton_skull":1,"minecraft:hay_block":12,"minecraft:raw_iron_block":1,"minecraft:coarse_dirt":1,"minecraft:mossy_cobblestone_slab":1,"minecraft:packed_mud":1,"minecraft:furnace":2,"minecraft:mossy_cobblestone_stairs":4,"mythicmetals:tin_ore":4,"minecraft:brown_bed":1,"minecraft:grass":20,"minecraft:mossy_stone_brick_stairs":1,"chococraft:gysahl_green":1,"minecraft:oak_log":3,"minecraft:coal_ore":56,"minecraft:vine":2,"minecraft:bamboo":57,"minecraft:stone_bricks":2,"minecraft:stone":33,"minecraft:bone_block":1,"minecraft:mossy_stone_bricks":1,"minecraft:oak_leaves":7,"minecraft:emerald_block":1,"minecraft:fern":5},"minecraft:custom":{"minecraft:interact_with_furnace":9,"minecraft:mob_kills":11,"minecraft:interact_with_crafting_table":14,"minecraft:open_barrel":1,"minecraft:time_since_death":13081,"minecraft:sleep_in_bed":1,"minecraft:climb_one_cm":7437,"minecraft:time_since_rest":1489,"minecraft:sprint_one_cm":147007,"minecraft:damage_taken":780,"minecraft:walk_one_cm":199169,"minecraft:damage_blocked_by_shield":430,"minecraft:drop":5,"minecraft:damage_dealt":1878,"minecraft:talked_to_villager":2,"minecraft:swim_one_cm":8419,"minecraft:fly_one_cm":108845,"minecraft:open_chest":8,"minecraft:crouch_one_cm":1530,"minecraft:play_time":53268,"minecraft:deaths":1,"minecraft:sneak_time":407,"minecraft:walk_under_water_one_cm":1711,"minecraft:jump":783,"minecraft:walk_on_water_one_cm":1638,"minecraft:interact_with_smoker":1,"minecraft:total_world_time":53268,"minecraft:fall_one_cm":18393},"minecraft:crafted":{"minecraft:oak_planks":12,"minecraft:cooked_porkchop":3,"minecraft:crafting_table":2,"minecraft:wooden_pickaxe":1,"minecraft:furnace":1,"minecraft:stone_axe":2,"minecraft:jungle_planks":16,"minecraft:shield":1,"minecraft:stick":308,"minecraft:iron_pickaxe":1,"minecraft:stone_pickaxe":2,"minecraft:stone_sword":1,"minecraft:torch":12},"minecraft:killed":{"minecraft:pig":2,"minecraft:zombie_villager":1,"naturalist:snail":1,"minecraft:zombie":7},"minecraft:killed_by":{"minecraft:husk":1},"minecraft:picked_up":{"minecraft:crafting_table":4,"minecraft:coarse_dirt":1,"minecraft:mossy_cobblestone_slab":1,"minecraft:mud_bricks":1,"minecraft:jungle_log":4,"minecraft:smoker":1,"minecraft:brown_bed":1,"minecraft:packed_mud":1,"minecraft:oak_log":3,"chococraft:gysahl_green":4,"minecraft:stone_bricks":1,"minecraft:wheat_seeds":1,"minecraft:iron_ingot":3,"bettermcdonaldsmod:tomato_seeds":3,"minecraft:azalea":1,"minecraft:mossy_stone_bricks":1,"minecraft:bamboo":614,"minecraft:melon_slice":308,"minecraft:moss_block":1,"minecraft:mossy_stone_brick_stairs":1,"minecraft:egg":2,"minecraft:furnace":2,"minecraft:stick":64,"minecraft:bamboo_fence":1,"minecraft:jungle_door":1,"minecraft:emerald_block":1,"minecraft:cooked_porkchop":1,"minecraft:torch":1,"minecraft:raw_iron_block":1,"minecraft:dropper":1,"minecraft:jungle_planks":2,"minecraft:porkchop":4,"chococraft:gysahl_green_seeds":1,"mythicmetals:raw_tin":4,"minecraft:mossy_cobblestone":11,"minecraft:light_gray_bed":1,"minecraft:rotten_flesh":10,"minecraft:slime_ball":1,"minecraft:jungle_stairs":3,"minecraft:hay_block":12,"bettermcdonaldsmod:lettuce_seeds":3,"minecraft:coal":66,"minecraft:skeleton_skull":1,"minecraft:bone_block":1,"minecraft:cobblestone":66}},"DataVersion":3465}