{"stats":{"minecraft:dropped":{"minecraft:purple_terracotta":1,"minecraft:iron_sword":1,"minecraft:moss_block":1,"mythicmetals:raw_tin":1,"minecraft:cobblestone":29,"minecraft:mossy_stone_brick_stairs":1,"minecraft:saddle":1,"minecraft:jungle_slab":1,"minecraft:mossy_cobblestone_slab":1,"minecraft:jungle_button":12,"minecraft:golden_carrot":3,"minecraft:string":22,"minecraft:dark_oak_planks":1,"minecraft:cyan_carpet":2,"minecraft:iron_nugget":8,"minecraft:coarse_dirt":1,"minecraft:cocoa_beans":3,"minecraft:spruce_planks":8,"minecraft:iron_chestplate":1,"minecraft:andesite":10,"minecraft:jungle_log":2,"minecraft:azalea":1,"minecraft:bamboo":6,"minecraft:brown_carpet":2,"minecraft:stone_pickaxe":1,"minecraft:iron_bars":2,"minecraft:arrow":2,"minecraft:wooden_pickaxe":1,"minecraft:egg":3,"minecraft:firework_rocket":2},"minecraft:broken":{"minecraft:wooden_pickaxe":1,"minecraft:stone_axe":3,"minecraft:iron_pickaxe":1},"minecraft:used":{"minecraft:stone_sword":97,"minecraft:flint_and_steel":23,"minecraft:spruce_slab":2,"minecraft:chest":7,"minecraft:shield":35,"minecraft:iron_sword":147,"minecraft:rotten_flesh":6,"minecraft:torch":29,"minecraft:spyglass":4,"minecraft:jungle_planks":6,"minecraft:jungle_slab":1,"minecraft:spruce_boat":6,"minecraft:dark_oak_planks":1,"minecraft:iron_axe":177,"minecraft:packed_mud":37,"minecraft:smooth_quartz":16,"minecraft:crimson_planks":1,"minecraft:mud_bricks":4,"minecraft:bow":8,"minecraft:furnace":6,"minecraft:egg":2,"minecraft:cooked_beef":6,"minecraft:brown_bed":3,"minecraft:dark_oak_stairs":1,"minecraft:baked_potato":6,"minecraft:stone_pickaxe":255,"minecraft:wooden_pickaxe":67,"minecraft:jungle_boat":5,"minecraft:golden_apple":2,"minecraft:crafting_table":12,"simplyswords:iron_greataxe":13,"minecraft:purple_terracotta":2,"minecraft:smoker":3,"simplyswords:iron_greathammer":109,"minecraft:bread":31,"minecraft:melon_slice":21,"minecraft:iron_pickaxe":658,"minecraft:jungle_stairs":7,"minecraft:stone_axe":419,"minecraft:cobblestone":61,"minecraft:cooked_porkchop":3,"minecraft:jungle_door":2,"minecraft:oak_boat":1},"minecraft:mined":{"minecraft:dark_oak_planks":4,"minecraft:spruce_planks":19,"minecraft:stone_pressure_plate":1,"minecraft:mossy_cobblestone":12,"minecraft:bamboo_fence":2,"minecraft:jungle_slab":6,"minecraft:cobblestone_stairs":1,"minecraft:jungle_leaves":1,"mythicmetals:osmium_ore":7,"minecraft:dark_oak_fence":2,"minecraft:purple_terracotta":4,"minecraft:grass_block":2,"minecraft:spruce_fence":3,"minecraft:jungle_planks":22,"minecraft:jungle_log":35,"minecraft:light_gray_bed":1,"minecraft:mud_bricks":39,"minecraft:moss_block":1,"minecraft:spawner":7,"minecraft:hay_block":19,"minecraft:raw_iron_block":1,"minecraft:mossy_cobblestone_slab":1,"minecraft:furnace":4,"minecraft:packed_mud":37,"minecraft:mossy_cobblestone_stairs":4,"minecraft:iron_ore":13,"minecraft:fire":2,"minecraft:andesite":6,"mythicmetals:tin_ore":8,"minecraft:brown_bed":4,"minecraft:dark_oak_stairs":4,"minecraft:mossy_stone_brick_stairs":1,"minecraft:bookshelf":12,"chococraft:gysahl_green":1,"minecraft:iron_bars":2,"minecraft:vine":16,"minecraft:bamboo":59,"minecraft:stone":101,"minecraft:bone_block":1,"minecraft:white_wool":1,"minecraft:spruce_slab":6,"minecraft:mud_brick_slab":1,"minecraft:jungle_door":8,"minecraft:smoker":3,"minecraft:brown_carpet":1,"minecraft:crafting_table":8,"minecraft:jungle_stairs":12,"minecraft:dark_oak_wood":12,"minecraft:dropper":3,"minecraft:melon":61,"minecraft:stone_slab":1,"minecraft:cobblestone":42,"minecraft:sugar_cane":3,"minecraft:wall_torch":2,"minecraft:skeleton_skull":1,"minecraft:coarse_dirt":1,"mythicmetals:aquarium_ore":13,"minecraft:spruce_log":3,"minecraft:jungle_fence":2,"minecraft:grass":22,"minecraft:oak_log":3,"minecraft:coal_ore":102,"minecraft:cyan_carpet":1,"minecraft:sand":5,"minecraft:smooth_quartz":50,"minecraft:crimson_planks":3,"minecraft:cobweb":16,"minecraft:brown_candle":2,"minecraft:stone_bricks":2,"mythicmetals:banglum_ore":2,"minecraft:mossy_stone_bricks":1,"minecraft:oak_leaves":11,"minecraft:emerald_block":1,"minecraft:fern":5},"minecraft:custom":{"minecraft:mob_kills":75,"minecraft:interact_with_crafting_table":62,"minecraft:open_barrel":52,"minecraft:damage_dealt_resisted":1980,"minecraft:leave_game":4,"minecraft:time_since_death":64554,"minecraft:climb_one_cm":14740,"minecraft:sprint_one_cm":476412,"minecraft:walk_one_cm":649733,"minecraft:damage_blocked_by_shield":1480,"minecraft:drop":42,"minecraft:play_noteblock":1,"minecraft:talked_to_villager":5,"minecraft:play_time":258210,"minecraft:sneak_time":5429,"minecraft:deaths":4,"minecraft:walk_under_water_one_cm":26137,"minecraft:boat_one_cm":1093912,"minecraft:interact_with_brewingstand":1,"minecraft:jump":2798,"minecraft:walk_on_water_one_cm":37280,"minecraft:total_world_time":258210,"minecraft:interact_with_furnace":29,"minecraft:sleep_in_bed":3,"minecraft:time_since_rest":32780,"minecraft:damage_taken":4072,"minecraft:damage_dealt":17211,"minecraft:swim_one_cm":57564,"minecraft:fly_one_cm":420823,"minecraft:open_chest":98,"minecraft:crouch_one_cm":12014,"minecraft:interact_with_smoker":11,"minecraft:fall_one_cm":67851,"minecraft:inspect_dispenser":1},"minecraft:crafted":{"minecraft:jungle_button":6,"minecraft:oak_planks":12,"minecraft:iron_nugget":9,"minecraft:furnace":3,"packedup:ironbackpack":1,"simplyswords:iron_greataxe":1,"minecraft:iron_boots":1,"minecraft:iron_axe":1,"minecraft:stone_pickaxe":2,"minecraft:chest":8,"minecraft:spruce_boat":1,"packedup:basicbackpack":1,"minecraft:dark_oak_planks":48,"mythicmetals:tin_ingot":4,"minecraft:cooked_beef":6,"minecraft:jungle_wood":3,"minecraft:cooked_porkchop":9,"mythicmetals:osmium_ingot":9,"minecraft:crafting_table":6,"minecraft:spruce_planks":12,"minecraft:jungle_boat":2,"minecraft:wooden_pickaxe":2,"minecraft:dark_oak_button":34,"minecraft:stone_axe":3,"simplyswords:iron_greathammer":1,"minecraft:air":0,"minecraft:jungle_planks":124,"minecraft:oak_boat":1,"mythicmetals:osmium_chestplate":1,"minecraft:iron_chestplate":1,"minecraft:golden_apple":2,"minecraft:shield":1,"mythicmetals:banglum_ingot":3,"minecraft:stick":344,"minecraft:iron_ingot":7,"minecraft:iron_pickaxe":2,"minecraft:stone_sword":1,"minecraft:torch":56,"mythicmetals:aquarium_ingot":16},"minecraft:killed":{"minecraft:cave_spider":6,"minecraft:vindicator":7,"minecraft:spider":1,"naturalist:snail":1,"minecraft:skeleton":5,"minecraft:chicken":1,"minecraft:illusioner":1,"minecraft:pig":5,"minecraft:zombie_villager":1,"minecraft:pillager":8,"minecraft:zombie":15,"minecraft:wither_skeleton":18,"minecraft:cow":5},"minecraft:killed_by":{"minecraft:husk":1,"minecraft:vindicator":2,"minecraft:cave_spider":1},"minecraft:picked_up":{"minecraft:cocoa_beans":3,"minecraft:crafting_table":10,"minecraft:mud_brick_slab":1,"minecraft:coarse_dirt":1,"minecraft:chicken":2,"minecraft:wooden_pickaxe":1,"friendsandfoes:totem_of_illusion":1,"minecraft:brown_bed":5,"minecraft:diamond_horse_armor":2,"minecraft:crimson_planks":1,"minecraft:music_disc_cat":2,"minecraft:string":64,"mythicmetals:raw_aquarium":36,"minecraft:flint_and_steel":2,"minecraft:purple_banner":2,"minecraft:cyan_carpet":3,"minecraft:spruce_planks":19,"mythicmetals:raw_osmium":25,"minecraft:beef":6,"minecraft:spruce_slab":3,"minecraft:azalea":1,"minecraft:iron_nugget":8,"minecraft:smooth_quartz":106,"minecraft:melon_slice":308,"minecraft:sugar_cane":5,"minecraft:furnace":5,"minecraft:egg":7,"minecraft:stick":79,"minecraft:raw_iron":25,"minecraft:jungle_door":9,"minecraft:torch":100,"minecraft:spruce_fence":2,"minecraft:porkchop":10,"mythicmetals:raw_tin":9,"the_bumblezone:bee_stinger":2,"minecraft:purple_terracotta":4,"minecraft:dark_oak_planks":36,"minecraft:brown_carpet":3,"mythicmetals:osmium_ingot":1,"minecraft:arrow":15,"minecraft:light_gray_bed":1,"minecraft:rotten_flesh":16,"minecraft:jungle_stairs":12,"minecraft:hay_block":19,"minecraft:saddle":6,"minecraft:gold_ingot":91,"minecraft:iron_bars":2,"minecraft:skeleton_skull":1,"minecraft:bone_block":1,"minecraft:cobblestone":187,"minecraft:jungle_boat":3,"mythicmetals:aquarium_pearl":3,"minecraft:mossy_cobblestone_slab":1,"minecraft:mud_bricks":39,"minecraft:feather":1,"minecraft:golden_carrot":3,"minecraft:andesite":15,"minecraft:jungle_log":35,"mythicmetals:raw_banglum":9,"minecraft:leather":2,"minecraft:jungle_fence":2,"minecraft:smoker":4,"minecraft:filled_map":1,"minecraft:packed_mud":37,"minecraft:oak_log":3,"minecraft:jungle_button":12,"minecraft:gunpowder":60,"minecraft:dirt":1,"minecraft:brown_candle":5,"minecraft:name_tag":1,"minecraft:bone":11,"chococraft:gysahl_green":4,"minecraft:stone_bricks":1,"minecraft:wheat_seeds":1,"minecraft:iron_ingot":40,"bettermcdonaldsmod:tomato_seeds":4,"minecraft:mossy_stone_bricks":1,"minecraft:iron_sword":1,"minecraft:bamboo":626,"minecraft:dark_oak_stairs":1,"minecraft:moss_block":1,"minecraft:mossy_stone_brick_stairs":1,"minecraft:oak_planks":1,"minecraft:book":78,"minecraft:bamboo_fence":2,"minecraft:emerald_block":1,"minecraft:cooked_porkchop":1,"minecraft:music_disc_13":4,"minecraft:quartz":30,"minecraft:raw_iron_block":1,"minecraft:dropper":1,"minecraft:jungle_planks":42,"minecraft:sand":1,"chococraft:gysahl_green_seeds":1,"minecraft:spruce_log":3,"minecraft:jungle_slab":3,"minecraft:spider_eye":2,"minecraft:mossy_cobblestone":11,"minecraft:slime_ball":1,"minecraft:diamond":12,"minecraft:spruce_boat":6,"bettermcdonaldsmod:lettuce_seeds":3,"mythicmetals:aquarium_ingot":6,"minecraft:emerald":60,"minecraft:dark_oak_fence":2,"minecraft:dark_oak_wood":12,"minecraft:coal":301}},"DataVersion":3465}