{"stats":{"minecraft:used":{"minecraft:stone_sword":35,"minecraft:stone_pickaxe":89,"minecraft:wooden_pickaxe":6,"minecraft:rotten_flesh":1,"minecraft:torch":1,"minecraft:cobblestone":3,"minecraft:crafting_table":2,"minecraft:furnace":1},"minecraft:mined":{"minecraft:jungle_leaves":1,"minecraft:crafting_table":1,"minecraft:grass":1,"minecraft:coal_ore":14,"minecraft:jungle_log":4,"minecraft:vine":2,"minecraft:cobblestone":2,"minecraft:bamboo":2,"minecraft:stone":31},"minecraft:custom":{"minecraft:time_since_rest":11268,"minecraft:sprint_one_cm":13395,"minecraft:damage_taken":180,"minecraft:walk_one_cm":22115,"minecraft:mob_kills":8,"minecraft:damage_dealt":1413,"minecraft:swim_one_cm":2317,"minecraft:interact_with_crafting_table":7,"minecraft:fly_one_cm":11881,"minecraft:crouch_one_cm":146,"minecraft:play_time":11268,"minecraft:sneak_time":127,"minecraft:walk_under_water_one_cm":841,"minecraft:jump":83,"minecraft:time_since_death":11268,"minecraft:walk_on_water_one_cm":713,"minecraft:climb_one_cm":945,"minecraft:total_world_time":11268,"minecraft:fall_one_cm":2053},"minecraft:crafted":{"minecraft:crafting_table":1,"minecraft:stick":13,"minecraft:wooden_pickaxe":1,"minecraft:stone_pickaxe":1,"minecraft:stone_sword":1,"minecraft:furnace":1,"minecraft:torch":12,"minecraft:stone_axe":1,"minecraft:jungle_planks":16},"minecraft:killed":{"naturalist:snail":1,"minecraft:zombie":7},"minecraft:picked_up":{"minecraft:crafting_table":1,"minecraft:jungle_log":4,"minecraft:rotten_flesh":10,"minecraft:slime_ball":1,"minecraft:bamboo":19,"minecraft:coal":14,"minecraft:cobblestone":33}},"DataVersion":3465}