{"stats":{"minecraft:dropped":{"minecraft:coarse_dirt":1},"minecraft:broken":{"minecraft:stone_axe":1},"minecraft:used":{"minecraft:stone_sword":43,"minecraft:stone_pickaxe":157,"minecraft:wooden_pickaxe":8,"minecraft:rotten_flesh":6,"minecraft:stone_axe":143,"minecraft:torch":1,"minecraft:cobblestone":3,"minecraft:crafting_table":3,"minecraft:furnace":2,"minecraft:cooked_porkchop":3},"minecraft:mined":{"minecraft:skeleton_skull":1,"minecraft:coarse_dirt":1,"minecraft:mossy_cobblestone_slab":1,"minecraft:furnace":2,"minecraft:mossy_cobblestone":4,"minecraft:jungle_leaves":1,"mythicmetals:tin_ore":4,"minecraft:crafting_table":3,"minecraft:dropper":2,"minecraft:grass":11,"minecraft:melon":7,"chococraft:gysahl_green":1,"minecraft:coal_ore":19,"minecraft:jungle_log":4,"minecraft:vine":2,"minecraft:cobblestone":12,"minecraft:bamboo":57,"minecraft:stone":33,"minecraft:moss_block":1,"minecraft:oak_leaves":4,"minecraft:wall_torch":1,"minecraft:fern":4},"minecraft:custom":{"minecraft:time_since_rest":29268,"minecraft:interact_with_furnace":9,"minecraft:sprint_one_cm":69163,"minecraft:damage_taken":430,"minecraft:walk_one_cm":87934,"minecraft:mob_kills":11,"minecraft:drop":1,"minecraft:damage_dealt":1752,"minecraft:swim_one_cm":4417,"minecraft:interact_with_crafting_table":11,"minecraft:fly_one_cm":53034,"minecraft:open_barrel":1,"minecraft:crouch_one_cm":1146,"minecraft:play_time":29268,"minecraft:sneak_time":332,"minecraft:walk_under_water_one_cm":1522,"minecraft:jump":407,"minecraft:time_since_death":29268,"minecraft:walk_on_water_one_cm":1226,"minecraft:climb_one_cm":5741,"minecraft:total_world_time":29268,"minecraft:fall_one_cm":10157},"minecraft:crafted":{"minecraft:cooked_porkchop":3,"minecraft:shield":1,"minecraft:crafting_table":1,"minecraft:stick":304,"minecraft:wooden_pickaxe":1,"minecraft:stone_pickaxe":2,"minecraft:stone_sword":1,"minecraft:furnace":1,"minecraft:torch":12,"minecraft:stone_axe":2,"minecraft:jungle_planks":16},"minecraft:killed":{"naturalist:snail":1,"minecraft:zombie":7,"minecraft:pig":2,"minecraft:zombie_villager":1},"minecraft:picked_up":{"minecraft:stick":34,"minecraft:coarse_dirt":1,"minecraft:crafting_table":3,"minecraft:mossy_cobblestone_slab":1,"minecraft:cooked_porkchop":1,"minecraft:jungle_log":4,"minecraft:torch":1,"minecraft:porkchop":4,"mythicmetals:raw_tin":4,"chococraft:gysahl_green_seeds":1,"minecraft:mossy_cobblestone":4,"chococraft:gysahl_green":4,"minecraft:rotten_flesh":10,"minecraft:slime_ball":1,"bettermcdonaldsmod:lettuce_seeds":1,"bettermcdonaldsmod:tomato_seeds":1,"minecraft:azalea":1,"minecraft:bamboo":614,"minecraft:moss_block":1,"minecraft:melon_slice":30,"minecraft:skeleton_skull":1,"minecraft:coal":29,"minecraft:cobblestone":54,"minecraft:furnace":2}},"DataVersion":3465}