{"stats":{"minecraft:picked_up":{"minecraft:brown_bed":5,"minecraft:crimson_planks":1,"minecraft:music_disc_cat":2,"minecraft:string":64,"mythicmetals:raw_aquarium":36,"minecraft:purple_banner":2,"minecraft:spruce_planks":19,"mythicmetals:raw_osmium":25,"minecraft:azalea":1,"minecraft:iron_pickaxe":1,"minecraft:smooth_quartz":106,"minecraft:melon_slice":308,"minecraft:bamboo_mosaic_stairs":5,"minecraft:furnace":5,"minecraft:stick":82,"minecraft:jungle_door":11,"minecraft:torch":118,"minecraft:bamboo_slab":12,"minecraft:porkchop":10,"the_bumblezone:bee_stinger":2,"minecraft:brown_carpet":3,"minecraft:zombie_spawn_egg":2,"minecraft:light_gray_bed":1,"minecraft:rotten_flesh":29,"minecraft:iron_bars":2,"minecraft:cobblestone":187,"minecraft:mossy_cobblestone_slab":1,"minecraft:feather":4,"minecraft:andesite":15,"minecraft:jungle_log":313,"minecraft:smoker":4,"minecraft:potato":7,"minecraft:dirt":107,"minecraft:brown_candle":5,"minecraft:name_tag":1,"minecraft:bone":13,"minecraft:wheat_seeds":28,"minecraft:mossy_stone_bricks":1,"minecraft:bamboo":685,"minecraft:moss_block":1,"minecraft:oak_planks":1,"minecraft:mossy_stone_brick_stairs":1,"minecraft:bamboo_mosaic_slab":1,"minecraft:cooked_porkchop":2,"minecraft:music_disc_13":4,"minecraft:dropper":1,"minecraft:jungle_planks":60,"minecraft:sand":1,"minecraft:jungle_slab":14,"minecraft:mossy_cobblestone":11,"minecraft:skeleton_spawn_egg":1,"minecraft:diamond":12,"minecraft:spruce_boat":7,"minecraft:emerald":60,"minecraft:oak_sapling":4,"minecraft:dark_oak_fence":2,"minecraft:coarse_dirt":1,"minecraft:cocoa_beans":3,"minecraft:mud_brick_slab":1,"minecraft:crafting_table":12,"minecraft:chicken":5,"friendsandfoes:totem_of_illusion":1,"minecraft:wooden_pickaxe":1,"minecraft:diamond_horse_armor":2,"bettermcdonaldsmod:tomato":2,"minecraft:jungle_trapdoor":8,"minecraft:flint_and_steel":2,"minecraft:cyan_carpet":3,"minecraft:beef":6,"minecraft:jungle_sapling":3,"minecraft:iron_nugget":8,"minecraft:poppy":6,"minecraft:spruce_slab":3,"minecraft:sugar_cane":6,"minecraft:chest":1,"minecraft:egg":12,"minecraft:raw_iron":25,"minecraft:spruce_fence":2,"mythicmetals:raw_tin":9,"minecraft:purple_terracotta":4,"minecraft:dark_oak_planks":36,"mythicmetals:osmium_ingot":1,"minecraft:arrow":30,"minecraft:jungle_stairs":23,"minecraft:hay_block":29,"minecraft:saddle":6,"minecraft:gold_ingot":91,"minecraft:skeleton_skull":1,"minecraft:bone_block":1,"minecraft:mud_bricks":40,"mythicmetals:aquarium_pearl":3,"minecraft:jungle_boat":3,"minecraft:golden_carrot":3,"minecraft:leather":2,"mythicmetals:raw_banglum":9,"minecraft:jungle_fence":2,"minecraft:filled_map":1,"minecraft:packed_mud":40,"minecraft:oak_log":7,"minecraft:jungle_button":12,"minecraft:gunpowder":60,"chococraft:gysahl_green":4,"minecraft:stone_bricks":1,"minecraft:iron_ingot":41,"bettermcdonaldsmod:tomato_seeds":42,"minecraft:dark_oak_stairs":1,"minecraft:iron_sword":2,"minecraft:book":78,"minecraft:bamboo_fence":10,"minecraft:emerald_block":1,"minecraft:quartz":30,"minecraft:dandelion":1,"minecraft:raw_iron_block":1,"chococraft:gysahl_green_seeds":3,"minecraft:spruce_log":3,"minecraft:spider_eye":2,"minecraft:stripped_jungle_log":4,"minecraft:bamboo_trapdoor":3,"minecraft:slime_ball":1,"bettermcdonaldsmod:lettuce_seeds":41,"mythicmetals:aquarium_ingot":6,"minecraft:dark_oak_wood":12,"minecraft:coal":301},"minecraft:mined":{"minecraft:dark_oak_planks":4,"minecraft:stone_pressure_plate":1,"minecraft:spruce_planks":19,"minecraft:farmland":1,"minecraft:jungle_slab":17,"minecraft:cobblestone_stairs":1,"minecraft:jungle_leaves":12,"minecraft:grass_block":102,"minecraft:jungle_log":232,"minecraft:light_gray_bed":1,"minecraft:mud_bricks":40,"minecraft:spawner":7,"minecraft:raw_iron_block":1,"minecraft:mossy_cobblestone_slab":1,"minecraft:mossy_cobblestone_stairs":4,"minecraft:iron_ore":13,"minecraft:fire":2,"minecraft:dark_oak_stairs":4,"minecraft:brown_bed":4,"chococraft:gysahl_green":3,"minecraft:iron_bars":2,"minecraft:spruce_slab":6,"minecraft:jungle_trapdoor":8,"minecraft:bamboo_slab":12,"minecraft:jungle_door":10,"minecraft:smoker":3,"minecraft:jungle_stairs":20,"minecraft:dark_oak_wood":12,"minecraft:melon":61,"minecraft:chest":1,"minecraft:cobblestone":42,"minecraft:sugar_cane":4,"minecraft:wall_torch":2,"minecraft:skeleton_skull":1,"mythicmetals:aquarium_ore":13,"bettermcdonaldsmod:lettuce_crop":5,"minecraft:wheat":2,"minecraft:grass":132,"minecraft:oak_log":7,"minecraft:smooth_quartz":50,"minecraft:sand":5,"minecraft:dirt":7,"minecraft:crimson_planks":3,"minecraft:brown_candle":2,"minecraft:oak_leaves":128,"minecraft:emerald_block":1,"minecraft:mossy_cobblestone":12,"minecraft:bamboo_fence":10,"mythicmetals:osmium_ore":7,"minecraft:dark_oak_fence":2,"minecraft:purple_terracotta":4,"minecraft:spruce_fence":3,"minecraft:jungle_planks":29,"minecraft:moss_block":1,"minecraft:hay_block":29,"minecraft:packed_mud":40,"minecraft:furnace":4,"minecraft:andesite":6,"mythicmetals:tin_ore":8,"minecraft:mossy_stone_brick_stairs":1,"minecraft:bookshelf":12,"minecraft:potatoes":2,"minecraft:vine":48,"minecraft:stripped_jungle_log":4,"minecraft:bamboo":78,"minecraft:stone":101,"minecraft:bone_block":1,"minecraft:white_wool":1,"minecraft:mud_brick_slab":1,"minecraft:brown_carpet":1,"minecraft:bamboo_mosaic_slab":1,"minecraft:crafting_table":9,"minecraft:dropper":3,"minecraft:stone_slab":1,"minecraft:coarse_dirt":1,"minecraft:bamboo_trapdoor":3,"minecraft:spruce_log":3,"minecraft:jungle_fence":2,"bettermcdonaldsmod:tomato_crop":7,"minecraft:coal_ore":102,"minecraft:cyan_carpet":1,"minecraft:cobweb":16,"minecraft:bamboo_mosaic_stairs":5,"minecraft:stone_bricks":2,"minecraft:mossy_stone_bricks":1,"mythicmetals:banglum_ore":2,"minecraft:fern":37},"minecraft:crafted":{"minecraft:jungle_button":6,"minecraft:oak_planks":28,"packedup:ironbackpack":1,"simplyswords:iron_greataxe":1,"minecraft:iron_boots":1,"minecraft:chest":8,"packedup:basicbackpack":1,"minecraft:stone_hoe":1,"mythicmetals:tin_ingot":4,"minecraft:cooked_porkchop":9,"mythicmetals:osmium_ingot":9,"minecraft:crafting_table":6,"minecraft:spruce_planks":12,"minecraft:jungle_boat":2,"minecraft:wooden_pickaxe":2,"mythicmetals:aquarium_pickaxe":1,"bettermcdonaldsmod:knife":1,"minecraft:iron_chestplate":1,"minecraft:shield":1,"minecraft:stick":352,"minecraft:iron_ingot":7,"minecraft:iron_pickaxe":3,"minecraft:stone_sword":1,"minecraft:iron_nugget":9,"minecraft:furnace":3,"minecraft:bone_meal":6,"minecraft:iron_axe":5,"minecraft:stone_pickaxe":2,"minecraft:spruce_boat":1,"minecraft:dark_oak_planks":48,"minecraft:cooked_beef":6,"minecraft:jungle_wood":3,"minecraft:dark_oak_button":34,"minecraft:bucket":1,"minecraft:stone_axe":3,"simplyswords:iron_greathammer":1,"minecraft:air":0,"minecraft:jungle_planks":128,"minecraft:oak_boat":1,"mythicmetals:osmium_chestplate":1,"minecraft:golden_apple":2,"mythicmetals:banglum_ingot":3,"minecraft:iron_shovel":1,"minecraft:torch":56,"mythicmetals:aquarium_ingot":16},"minecraft:custom":{"minecraft:interact_with_crafting_table":79,"minecraft:open_barrel":52,"minecraft:leave_game":6,"minecraft:time_since_death":92728,"minecraft:sprint_one_cm":780682,"minecraft:damage_blocked_by_shield":1480,"minecraft:drop":65,"minecraft:play_noteblock":1,"minecraft:talked_to_villager":7,"minecraft:play_time":374835,"minecraft:deaths":5,"minecraft:jump":3848,"minecraft:interact_with_brewingstand":1,"minecraft:walk_on_water_one_cm":53403,"minecraft:interact_with_furnace":29,"minecraft:sleep_in_bed":10,"minecraft:damage_dealt":19168,"minecraft:crouch_one_cm":17122,"minecraft:interact_with_smoker":12,"minecraft:inspect_dispenser":1,"minecraft:mob_kills":91,"minecraft:damage_dealt_resisted":1980,"minecraft:climb_one_cm":22943,"minecraft:walk_one_cm":1059749,"minecraft:sneak_time":6938,"minecraft:walk_under_water_one_cm":26730,"minecraft:boat_one_cm":1093912,"minecraft:total_world_time":374835,"minecraft:time_since_rest":21791,"minecraft:damage_taken":4763,"minecraft:swim_one_cm":60357,"minecraft:fly_one_cm":555106,"minecraft:open_chest":169,"minecraft:fall_one_cm":88233},"minecraft:used":{"minecraft:iron_shovel":211,"minecraft:spruce_slab":2,"minecraft:chest":7,"minecraft:shield":36,"minecraft:iron_sword":174,"minecraft:rotten_flesh":6,"minecraft:jungle_planks":10,"minecraft:carrot":8,"minecraft:jungle_slab":1,"minecraft:spruce_boat":6,"friendsandfoes:totem_of_illusion":1,"minecraft:packed_mud":38,"minecraft:bow":23,"minecraft:furnace":6,"minecraft:egg":2,"minecraft:potato":11,"mythicmetals:aquarium_pickaxe":2,"minecraft:dark_oak_stairs":1,"minecraft:stone_pickaxe":255,"minecraft:wooden_pickaxe":67,"minecraft:sugar_cane":6,"minecraft:jungle_boat":5,"minecraft:golden_apple":2,"bettermcdonaldsmod:lettuce_seeds":18,"minecraft:purple_terracotta":2,"simplyswords:iron_greathammer":111,"minecraft:melon_slice":21,"minecraft:bread":35,"minecraft:oak_boat":1,"minecraft:bone_meal":4,"minecraft:stone_sword":97,"minecraft:flint_and_steel":23,"minecraft:stone_hoe":119,"minecraft:torch":33,"minecraft:dirt":67,"minecraft:spyglass":6,"minecraft:salmon_bucket":1,"minecraft:dark_oak_planks":1,"minecraft:iron_axe":806,"minecraft:jungle_log":33,"minecraft:smooth_quartz":16,"minecraft:mud_bricks":4,"minecraft:crimson_planks":1,"bettermcdonaldsmod:tomato_seeds":25,"minecraft:cooked_beef":6,"minecraft:brown_bed":3,"minecraft:wheat_seeds":18,"minecraft:water_bucket":11,"minecraft:baked_potato":18,"minecraft:bamboo_mosaic_stairs":1,"minecraft:crafting_table":13,"simplyswords:iron_twinblade":3,"simplyswords:iron_greataxe":13,"minecraft:smoker":3,"chococraft:gysahl_green_seeds":2,"minecraft:iron_pickaxe":664,"minecraft:jungle_stairs":15,"minecraft:stone_axe":419,"minecraft:cobblestone":61,"minecraft:cooked_porkchop":3,"minecraft:jungle_door":4,"minecraft:bucket":11},"minecraft:dropped":{"minecraft:iron_sword":2,"minecraft:moss_block":1,"mythicmetals:raw_tin":1,"minecraft:baked_potato":3,"bettermcdonaldsmod:lettuce_seeds":8,"minecraft:cooked_porkchop":8,"minecraft:mossy_stone_brick_stairs":1,"minecraft:saddle":1,"minecraft:jungle_button":12,"minecraft:iron_pickaxe":2,"minecraft:dark_oak_planks":1,"minecraft:cyan_carpet":2,"minecraft:iron_nugget":8,"minecraft:poppy":4,"minecraft:jungle_log":2,"minecraft:azalea":1,"minecraft:iron_bars":2,"minecraft:arrow":2,"minecraft:egg":5,"minecraft:firework_rocket":2,"minecraft:purple_terracotta":1,"minecraft:wheat_seeds":9,"minecraft:cobblestone":29,"minecraft:jungle_slab":1,"minecraft:mossy_cobblestone_slab":1,"minecraft:golden_carrot":3,"minecraft:iron_axe":1,"minecraft:string":22,"minecraft:coarse_dirt":1,"minecraft:cocoa_beans":3,"minecraft:spruce_planks":8,"minecraft:iron_chestplate":1,"minecraft:andesite":10,"minecraft:bamboo":6,"minecraft:brown_carpet":2,"minecraft:stone_pickaxe":1,"minecraft:wooden_pickaxe":1},"minecraft:broken":{"minecraft:stone_axe":3,"minecraft:wooden_pickaxe":1,"minecraft:iron_axe":3,"minecraft:iron_pickaxe":1},"minecraft:killed_by":{"minecraft:vindicator":2,"minecraft:cave_spider":1,"minecraft:husk":1},"minecraft:killed":{"minecraft:cave_spider":6,"minecraft:spider":1,"creeperoverhaul:bamboo_creeper":1,"naturalist:snail":1,"minecraft:skeleton":7,"minecraft:chicken":3,"minecraft:illusioner":1,"minecraft:pig":5,"minecraft:zombie_villager":2,"minecraft:pillager":9,"minecraft:zombie":22,"minecraft:cow":5,"minecraft:vindicator":8,"minecraft:wither_skeleton":18}},"DataVersion":3465}